taxid,A,C,D,E,F,G,H,I,K,L,M,N,P,Q,R,S,T,V,W,Y
10990,0.013953856550304383,0.03430096784372304,0.013994199491665674,0.006222416461045273,0.21190474205811072,0.008021073086730644,0.02434500348414575,0.11397499364293354,0.01568321377084636,0.1804260892404769,0.010919347772305809,0.0352715096383622,0.024274820902527836,0.010824824279100045,0.020176273011349645,0.10019842517065697,0.0351698277632459,0.04955263744209331,0.00433232182606452,0.08645345656431151
11082,0.049887536616154804,0.03612972083126341,0.034784591787399545,0.038469974211582755,0.04160937600594365,0.06606718418488534,0.02626595363313343,0.0633553198817464,0.042655083603612226,0.10347162203306397,0.021009483130136248,0.038568772171475,0.03767023432788525,0.029048797383768792,0.08835751082773748,0.0922383783462941,0.055314751016902364,0.07608733876581901,0.018948134804419352,0.040060236436776864
11320,0.024010975589434432,0.01836231451083842,0.03152240205180742,0.04919980404533519,0.02864241204262315,0.030145255829809408,0.0251078853156667,0.10504731983929007,0.13174599494223896,0.0821582110428556,0.02086701882750437,0.08440989353246024,0.019124964538742257,0.039188099799415996,0.07321077963476966,0.06897586446647269,0.06429598511508262,0.047022004666026344,0.007792671327683608,0.04917014288194287
1133363,0.01777132033460344,0.016706485664440735,0.01788095238240054,0.014776742814749921,0.070370091689792,0.007243975495561184,0.04386653887359782,0.12625913455797225,0.0666173378342433,0.1330088703935632,0.011299718426426445,0.08061190890237153,0.04359758348556073,0.03625112070352531,0.032548063149353434,0.09273627902099531,0.08011765957712312,0.030512654190717418,0.0025064500998501927,0.075317112403152
1157337,0.05158977921293094,0.03160548111468873,0.024550722597819125,0.016560419954571057,0.05691826772010429,0.029387889963639426,0.0430982408028097,0.061604861263038,0.023166609998954167,0.13130155442220112,0.012432139141578601,0.03434435945322736,0.09056469595237851,0.02907144440062836,0.06815019916750188,0.11745868543525145,0.0721696852034381,0.05292461084865428,0.008886990592386864,0.04421336275419797
118655,0.025078206624100822,0.020685458318239494,0.03368706608347479,0.053506293908209206,0.029392757164880105,0.03767993925312723,0.022420715652587023,0.10095493376588484,0.12381637653972918,0.08232008028386585,0.022941439096481435,0.07795364160084961,0.016691015430150856,0.03561157265423593,0.07858450053231004,0.0693216469611402,0.05803228830682289,0.05354086370317668,0.009913966288455775,0.04786723783227801
11983,0.052789277188921416,0.03173960817804393,0.028101606867697134,0.022458796572522047,0.04863499601970761,0.03726778783884804,0.03980551571259606,0.06287162380761603,0.030469364599764324,0.11975874101950376,0.014602710666711281,0.038124843542984,0.07477524016662744,0.03181255734102374,0.07524807376144343,0.10899127228399721,0.07161807305361992,0.05710589440922902,0.010763575564473767,0.043060441404669775
12110,0.0933816863899233,0.03225599936374931,0.027537729462094037,0.02251402817644841,0.025477301224647794,0.07422646633635986,0.03464424137971071,0.02891236118380106,0.015181467438426502,0.0945867192225801,0.010620864613980614,0.0185690068378927,0.11748018979524617,0.028324100853998637,0.11589571456637165,0.10129496532363157,0.06296834223370926,0.05862754461168234,0.015750680633952376,0.02175059035179357
12162,0.06380635075575986,0.0529806372642903,0.02680950061290746,0.02121796848508906,0.06481046227207529,0.07758722397270804,0.022047655684854117,0.04271955043232366,0.013134189800350858,0.12934665141161952,0.016031771460457013,0.01659541863067621,0.05247320613248308,0.017449279277738705,0.08502431924084887,0.10486290468478049,0.03949693496259278,0.09491135085812807,0.025898942133380853,0.03279568192693571
12637,0.044915318548077274,0.016347499333952503,0.0362158249385213,0.062490884501929744,0.0130822481744334,0.05567606909170172,0.029216238504839686,0.06095596770553865,0.11078852512107606,0.05851752040739271,0.01803505367347554,0.06420612962932165,0.036234344004288564,0.05041300561525489,0.10740620305000707,0.07215975324682782,0.07962924412009453,0.044555325457134205,0.010172772449706179,0.028982072426426343
138948,0.054845447889918235,0.03666119036462775,0.031254163123893404,0.028449150436588314,0.04757492491417511,0.05396666411575048,0.03176310048139901,0.05994897127460219,0.031473291463817304,0.11447763535663491,0.01752752721105262,0.03457647663850423,0.0557385416262521,0.028912411455259364,0.08329459832650664,0.1024266493223966,0.06067551193665829,0.0700320957295634,0.015843378153882974,0.040558270178516924
138950,0.05410249903049708,0.026920369409067658,0.03647133842885404,0.0474502633888898,0.024867225380991027,0.0670589521510577,0.02942471495145309,0.05805315637300996,0.05938211055399951,0.08232922479677367,0.01946797103145581,0.045642424213426756,0.04364936086014845,0.03828240297002231,0.10155276241938688,0.08644758565720942,0.06770711792147543,0.06194454658529874,0.01555620614477528,0.0336897677322074
138951,0.0272837013005781,0.03121006847185402,0.023602691385452207,0.017256387321756037,0.09070744109195247,0.018589750867472877,0.03464106572709268,0.10306788926681758,0.037928431252696404,0.14561401315444425,0.015682970836161575,0.05187720007090322,0.04004358971596923,0.025326757769394435,0.04454008862233418,0.10289872787843464,0.059967823496486945,0.054028357331098176,0.007135318023082539,0.06859772641601844
162145,0.018076553333541905,0.020277068317131008,0.027381956142299584,0.03472603496881935,0.04871198279692956,0.01914509531090406,0.025853691639815168,0.12954681725189252,0.11265361891092053,0.10520260455911454,0.01965637855727182,0.08882892777882362,0.01706764970944169,0.03278787663275727,0.052802588302361245,0.07080760038433984,0.05864156827257261,0.0459926227423341,0.006059175867931225,0.06578018852079834
1678143,0.06739956871535742,0.045631765676108944,0.01882753874102461,0.009672792235856162,0.07574319807392055,0.04161474739794991,0.030493228253483586,0.0377777264764504,0.006624521291845815,0.15078875988470908,0.009529367219561975,0.012894253098979137,0.10916086596839492,0.015666129575067,0.07707236095121388,0.13070265046778753,0.046159357828550455,0.0690754348041667,0.013914301908495968,0.03125143143107585
1933178,0.027148705855489164,0.02367306485082586,0.030835279405685537,0.03758606708304874,0.043328040982945855,0.028700115912383688,0.029168451204601858,0.10490065294338857,0.0896055377228787,0.10250327075830137,0.020328713150659424,0.07351159635501653,0.025681158636360925,0.03555431910510426,0.06473477293853784,0.08052467312605725,0.0647227703097061,0.0525288891110217,0.00852711110953639,0.056436809438450135
198112,0.0196996636325817,0.048275728638028446,0.03268656705042522,0.03162538337419549,0.09829722775040703,0.046648617290303396,0.013803504017922002,0.10387770598242806,0.043600222383089915,0.13521768143865961,0.027071875024662472,0.045063219486571084,0.00831914791432697,0.013355367230843856,0.05132504700677709,0.07279828317215595,0.027158871248765794,0.09498416465980415,0.019636560997113417,0.06655516170093834
28295,0.023079392485023977,0.03904298371971709,0.01664903334222796,0.007837251672163469,0.16720382562546757,0.013408298402887127,0.028657594234238706,0.09298810734843949,0.01431241850440845,0.17754720822497672,0.011875817989679788,0.03040452735927466,0.03972602201059948,0.013490079196538789,0.03091664415718745,0.11548786042343946,0.042147673430777466,0.05742180987459687,0.006503008165199977,0.07130044383315533
28344,0.07107384313927688,0.04531770232116567,0.02450597561683714,0.016774424208103635,0.058021771813341706,0.05962339149422727,0.02921225752705903,0.04016214363436365,0.011613813317055723,0.13071432283486648,0.012690534597903275,0.016966771701694146,0.08472331163978862,0.01999589028802359,0.08784826734738058,0.11550419700279503,0.049208147815082585,0.07633782470917233,0.018329587790103418,0.03137582120175918
3052493,0.024189798193083697,0.029886868935437853,0.030301787064908988,0.032219258711362775,0.0640665679415653,0.028766522895358176,0.02548080338580711,0.11225818371592056,0.0700252079856236,0.11997476862426332,0.02176418027463376,0.06585778278033426,0.02034122576269147,0.027093207232368778,0.05640905690444643,0.08215590911355065,0.05257401061817587,0.061664953846429595,0.010013904636357962,0.06495600137767993
3052763,0.04287976555135006,0.034019159510846435,0.03221341896619012,0.03189201625091254,0.05076178055517121,0.04536995450829989,0.030445343572582804,0.07593327350798618,0.04506179483476563,0.11423847314441221,0.019721824433125288,0.045515920503748954,0.04052625385380071,0.03014158146331859,0.07477178180226267,0.0961965767064874,0.06058692503590133,0.06769889990415937,0.013957915960187655,0.04806733993449104
351073,0.04853300095898613,0.039724677561843294,0.03628353307977835,0.044184368880484194,0.040733926840814304,0.08591670067495277,0.020496000567089508,0.059116956654563964,0.04138221597570476,0.0993698831318444,0.02339532117022954,0.033982447646371365,0.027415533459510914,0.024959059186427695,0.09271736983947025,0.0860495684956937,0.045455059753517144,0.08809950928485959,0.024979510552786854,0.0372053562850713
38170,0.05678831590899874,0.04822388289636084,0.021944495526617924,0.012801701170172345,0.08578008633574534,0.04292591343341361,0.02903120387553952,0.049221330434266755,0.010362282158592308,0.15105569854832687,0.012584803238025822,0.01776287787474729,0.07512741292698892,0.016935855106544082,0.06959001707917115,0.1229588964616184,0.045967058982083565,0.0763561193998508,0.01554743326546426,0.03903461537747144
40054,0.041849683768929793,0.032568566781591306,0.03326066323220375,0.035324514618797535,0.04635304859357641,0.04718656421653888,0.029498825806112006,0.07712210812990819,0.05134381275382952,0.10879164479971684,0.020491400718859392,0.04834402633670454,0.03711641355200768,0.03132925210031429,0.07717419838772734,0.09282301482034518,0.060828077906426456,0.067158039798344,0.014098072297893283,0.047338071380173555
54290,0.1045054745123278,0.042231660881674134,0.024118965255089234,0.021401544189346245,0.028541695859482685,0.11793561911134033,0.021372371873079637,0.020328505272377905,0.00826051706632336,0.09595458636968944,0.010435914331483132,0.009309380778743274,0.09260471336260301,0.018964402337962736,0.12590701870167414,0.09474757438175788,0.040336774211042314,0.07970519040458436,0.027037615191427177,0.016300475907991278
57482,0.05223632136534327,0.0364174886933056,0.025988963267201588,0.018352539404359148,0.062124526891211146,0.036423220678033476,0.03727204272181188,0.06152302393723423,0.0223423178917041,0.13298011411234628,0.014119063805693168,0.03163887384727374,0.07491466210260304,0.026320273944758398,0.0705888607697025,0.11509880767983295,0.0635923166665702,0.06213430507340181,0.011597752574403144,0.04433452457321042
693997,0.014631955459007686,0.034266757452675434,0.016392547149595166,0.008502275151452552,0.18411154462783252,0.009685623623555985,0.024764024400991378,0.12096216447378873,0.02185327835114818,0.17410850219025853,0.012794996337569057,0.04213353359697155,0.022104319646872848,0.012844285112805921,0.02313423061046027,0.0950084454937561,0.037608309513797226,0.05203979771005407,0.004978043919809628,0.08807536517759713
694014,0.01797697763764661,0.04144327726666076,0.02104013634253037,0.01269107808807069,0.1601967023287682,0.017188502380809264,0.022005294710550273,0.11382654067620665,0.02490533886315594,0.16611713734854397,0.016559608144939376,0.0412897723661692,0.018801622027598015,0.013273246379021145,0.03066805572571728,0.09052915181925049,0.03527854108957158,0.06644120786246148,0.008438322450861336,0.08132948649146753
77763,0.030237502997343478,0.036670429967222265,0.027279030139297993,0.02191480951930791,0.08592136647045306,0.02822361405111302,0.029225518535926656,0.09654498374135809,0.03819757539517551,0.13987413317802908,0.018719602170885016,0.047547427210583505,0.0323950924873953,0.023478535290562957,0.05215231251665142,0.09812760154978942,0.052704053826489586,0.06612988961879922,0.010739857480691922,0.06391666385292452
