aa,eq_freq,taxid,virusname,sense
Arg,0.12263480903079954,3052230,HCV,+ssRNA
Pro,0.09562859807489478,3052230,HCV,+ssRNA
Ser,0.09557100464988243,3052230,HCV,+ssRNA
Ala,0.09315305515346753,3052230,HCV,+ssRNA
Gly,0.09067670761036287,3052230,HCV,+ssRNA
Leu,0.0856995202180648,3052230,HCV,+ssRNA
Val,0.06366591516636909,3052230,HCV,+ssRNA
Thr,0.061305569481007044,3052230,HCV,+ssRNA
Cys,0.03241891675892641,3052230,HCV,+ssRNA
His,0.031211040646610455,3052230,HCV,+ssRNA
Asp,0.030584993292315368,3052230,HCV,+ssRNA
Gln,0.030094528834396367,3052230,HCV,+ssRNA
Glu,0.029481753877332262,3052230,HCV,+ssRNA
Ile,0.027571626711726686,3052230,HCV,+ssRNA
Phe,0.021427078847055258,3052230,HCV,+ssRNA
Tyr,0.020194567031503623,3052230,HCV,+ssRNA
Trp,0.019100986753382343,3052230,HCV,+ssRNA
Asn,0.019032606876364263,3052230,HCV,+ssRNA
Lys,0.018400709331478696,3052230,HCV,+ssRNA
Met,0.012146011654060223,3052230,HCV,+ssRNA
Leu,0.1435857508840333,138951,evD,+ssRNA
Ser,0.11234443078061282,138951,evD,+ssRNA
Ile,0.08355521572938945,138951,evD,+ssRNA
Phe,0.08048224983845084,138951,evD,+ssRNA
Thr,0.06405968693806917,138951,evD,+ssRNA
Tyr,0.058295426327261805,138951,evD,+ssRNA
Val,0.05748020476049663,138951,evD,+ssRNA
Pro,0.05377015996955846,138951,evD,+ssRNA
Arg,0.052767391510826024,138951,evD,+ssRNA
Asn,0.04214288916059771,138951,evD,+ssRNA
His,0.03765189316953327,138951,evD,+ssRNA
Ala,0.03549578998582577,138951,evD,+ssRNA
Cys,0.033787090404690204,138951,evD,+ssRNA
Lys,0.029133858426028378,138951,evD,+ssRNA
Gln,0.026407793768535647,138951,evD,+ssRNA
Asp,0.02466748151380365,138951,evD,+ssRNA
Gly,0.02340797095147996,138951,evD,+ssRNA
Glu,0.017271601525000443,138951,evD,+ssRNA
Met,0.015142787503737938,138951,evD,+ssRNA
Trp,0.008550326852068383,138951,evD,+ssRNA
Arg,0.09643965171103677,12637,denv,+ssRNA
Ser,0.08387498602634894,12637,denv,+ssRNA
Thr,0.0802089363017644,12637,denv,+ssRNA
Leu,0.07636231328531062,12637,denv,+ssRNA
Lys,0.07089271980037343,12637,denv,+ssRNA
Ile,0.0645865774487815,12637,denv,+ssRNA
Asn,0.05760532934993477,12637,denv,+ssRNA
Gly,0.05250452632893402,12637,denv,+ssRNA
Val,0.05149448120866219,12637,denv,+ssRNA
Ala,0.04993008209646762,12637,denv,+ssRNA
Glu,0.04650956961456915,12637,denv,+ssRNA
Pro,0.04638948220195254,12637,denv,+ssRNA
Gln,0.046020780370962126,12637,denv,+ssRNA
Asp,0.036272430783618526,12637,denv,+ssRNA
Tyr,0.0351920514975804,12637,denv,+ssRNA
His,0.034188155930802176,12637,denv,+ssRNA
Cys,0.02155645134082222,12637,denv,+ssRNA
Phe,0.02003344483423866,12637,denv,+ssRNA
Met,0.01846245381139012,12637,denv,+ssRNA
Trp,0.011475576056449865,12637,denv,+ssRNA
Leu,0.11857608090587303,138948,evA,+ssRNA
Ser,0.10629615890155773,138948,evA,+ssRNA
Arg,0.08151856328792308,138948,evA,+ssRNA
Val,0.0676724933118322,138948,evA,+ssRNA
Pro,0.06344682478383006,138948,evA,+ssRNA
Thr,0.06230546816043124,138948,evA,+ssRNA
Ile,0.05839274532332094,138948,evA,+ssRNA
Ala,0.056491139303607024,138948,evA,+ssRNA
Phe,0.04977571947592919,138948,evA,+ssRNA
Gly,0.04974206555505755,138948,evA,+ssRNA
Tyr,0.0404985922240456,138948,evA,+ssRNA
Cys,0.03672245391758888,138948,evA,+ssRNA
His,0.033739645950919155,138948,evA,+ssRNA
Asn,0.032875231894578,138948,evA,+ssRNA
Asp,0.029814599877600597,138948,evA,+ssRNA
Gln,0.028565822209512072,138948,evA,+ssRNA
Lys,0.02758893153783436,138948,evA,+ssRNA
Glu,0.02502742398431608,138948,evA,+ssRNA
Met,0.01622985646339138,138948,evA,+ssRNA
Trp,0.014720182930851918,138948,evA,+ssRNA
Pro,0.11050750924177787,12110,FMDV,+ssRNA
Leu,0.11016981457401408,12110,FMDV,+ssRNA
Ser,0.11016854000728885,12110,FMDV,+ssRNA
Arg,0.10085514753053439,12110,FMDV,+ssRNA
Ala,0.08132514873740389,12110,FMDV,+ssRNA
Val,0.062385732244037574,12110,FMDV,+ssRNA
Thr,0.06234918326758394,12110,FMDV,+ssRNA
Gly,0.059465150401494506,12110,FMDV,+ssRNA
His,0.03580334197124139,12110,FMDV,+ssRNA
Cys,0.03572006344110375,12110,FMDV,+ssRNA
Ile,0.035286889822055245,12110,FMDV,+ssRNA
Phe,0.03491318300947942,12110,FMDV,+ssRNA
Tyr,0.0266808032282614,12110,FMDV,+ssRNA
Gln,0.02654584129634256,12110,FMDV,+ssRNA
Asp,0.026538079715166946,12110,FMDV,+ssRNA
Asn,0.02010979514651903,12110,FMDV,+ssRNA
Glu,0.019529998793130488,12110,FMDV,+ssRNA
Trp,0.015169721831384089,12110,FMDV,+ssRNA
Lys,0.014980108769630837,12110,FMDV,+ssRNA
Met,0.011495946971549735,12110,FMDV,+ssRNA
Leu,0.13320083469692906,198112,DWV,+ssRNA
Ser,0.09111697654509403,198112,DWV,+ssRNA
Ile,0.08731372112649918,198112,DWV,+ssRNA
Val,0.08566809570354805,198112,DWV,+ssRNA
Phe,0.08116386284040232,198112,DWV,+ssRNA
Arg,0.06022897085412983,198112,DWV,+ssRNA
Tyr,0.05774041018254114,198112,DWV,+ssRNA
Gly,0.04678356373405387,198112,DWV,+ssRNA
Cys,0.044735739571794435,198112,DWV,+ssRNA
Thr,0.0413954149319277,198112,DWV,+ssRNA
Asn,0.040981213808274464,198112,DWV,+ssRNA
Lys,0.037456171225960046,198112,DWV,+ssRNA
Asp,0.03165792953520439,198112,DWV,+ssRNA
Ala,0.031190658961743466,198112,DWV,+ssRNA
Glu,0.029038311892386287,198112,DWV,+ssRNA
Met,0.023051308833885984,198112,DWV,+ssRNA
His,0.021380891366293026,198112,DWV,+ssRNA
Gln,0.020014523565634705,198112,DWV,+ssRNA
Pro,0.018000353325830307,198112,DWV,+ssRNA
Trp,0.017881047297867717,198112,DWV,+ssRNA
Leu,0.12233047144961161,11983,norw,+ssRNA
Ser,0.11075879533672832,11983,norw,+ssRNA
Pro,0.07670264754478784,11983,norw,+ssRNA
Arg,0.07562545114830198,11983,norw,+ssRNA
Thr,0.06944604424584033,11983,norw,+ssRNA
Ile,0.06081687897756472,11983,norw,+ssRNA
Val,0.058720702619203355,11983,norw,+ssRNA
Ala,0.05422105921980305,11983,norw,+ssRNA
Phe,0.05069930607160038,11983,norw,+ssRNA
Tyr,0.042422550729045605,11983,norw,+ssRNA
His,0.03916987388617532,11983,norw,+ssRNA
Gly,0.038328770960794886,11983,norw,+ssRNA
Asn,0.03537708540974449,11983,norw,+ssRNA
Cys,0.033092880023141875,11983,norw,+ssRNA
Gln,0.03027617035966497,11983,norw,+ssRNA
Asp,0.027690702204776176,11983,norw,+ssRNA
Lys,0.027288395288654788,11983,norw,+ssRNA
Glu,0.02140439192849901,11983,norw,+ssRNA
Met,0.01439728900633672,11983,norw,+ssRNA
Trp,0.01123053358972461,11983,norw,+ssRNA
Arg,0.09812314049079722,138950,evC,+ssRNA
Ser,0.08898377182100611,138950,evC,+ssRNA
Leu,0.08729294688464702,138950,evC,+ssRNA
Thr,0.06728387627602508,138950,evC,+ssRNA
Gly,0.06429122264681483,138950,evC,+ssRNA
Val,0.06316264993496644,138950,evC,+ssRNA
Ile,0.05908387868933695,138950,evC,+ssRNA
Lys,0.05440716321804177,138950,evC,+ssRNA
Ala,0.05423519587446929,138950,evC,+ssRNA
Pro,0.04566502142898958,138950,evC,+ssRNA
Asn,0.04445446899626206,138950,evC,+ssRNA
Glu,0.04388794461632795,138950,evC,+ssRNA
Gln,0.03708228711723126,138950,evC,+ssRNA
Asp,0.035839520794823665,138950,evC,+ssRNA
Tyr,0.03515910722567306,138950,evC,+ssRNA
His,0.030201589158793795,138950,evC,+ssRNA
Cys,0.028328777989216278,138950,evC,+ssRNA
Phe,0.02768356489082749,138950,evC,+ssRNA
Met,0.01928693121019079,138950,evC,+ssRNA
Trp,0.015546940735559355,138950,evC,+ssRNA
Leu,0.15154144943514178,12092,HAV,+ssRNA
Phe,0.1067322153771155,12092,HAV,+ssRNA
Ser,0.10228958706542175,12092,HAV,+ssRNA
Ile,0.09209403949616031,12092,HAV,+ssRNA
Val,0.07368973638127292,12092,HAV,+ssRNA
Tyr,0.06479864697134334,12092,HAV,+ssRNA
Arg,0.047685457849725735,12092,HAV,+ssRNA
Thr,0.04616056857548251,12092,HAV,+ssRNA
Cys,0.04296616594875577,12092,HAV,+ssRNA
Asn,0.039338953469703494,12092,HAV,+ssRNA
Gly,0.02935641895509705,12092,HAV,+ssRNA
Ala,0.029036601206393696,12092,HAV,+ssRNA
Lys,0.02779491601830383,12092,HAV,+ssRNA
His,0.026509544049930358,12092,HAV,+ssRNA
Asp,0.026067757975924786,12092,HAV,+ssRNA
Pro,0.0249144896228259,12092,HAV,+ssRNA
Gln,0.019651024525552126,12092,HAV,+ssRNA
Glu,0.018648856643332035,12092,HAV,+ssRNA
Met,0.01846029439525936,12092,HAV,+ssRNA
Trp,0.012263276037257746,12092,HAV,+ssRNA
Leu,0.16062687843237275,1678143,HEV,+ssRNA
Ser,0.13814618951960903,1678143,HEV,+ssRNA
Pro,0.11718177375929933,1678143,HEV,+ssRNA
Phe,0.08617208118137018,1678143,HEV,+ssRNA
Arg,0.06843534377127888,1678143,HEV,+ssRNA
Val,0.06324662371929675,1678143,HEV,+ssRNA
Ala,0.06099668735245592,1678143,HEV,+ssRNA
Thr,0.047136113681599444,1678143,HEV,+ssRNA
Cys,0.04374238671431765,1678143,HEV,+ssRNA
Ile,0.04022527591440822,1678143,HEV,+ssRNA
Tyr,0.03358761526004142,1678143,HEV,+ssRNA
His,0.032449029789564036,1678143,HEV,+ssRNA
Gly,0.030650278347680315,1678143,HEV,+ssRNA
Asp,0.016863114099250478,1678143,HEV,+ssRNA
Gln,0.014687083892035312,1678143,HEV,+ssRNA
Asn,0.013046682880782335,1678143,HEV,+ssRNA
Trp,0.010919184571348255,1678143,HEV,+ssRNA
Met,0.008585052433630795,1678143,HEV,+ssRNA
Glu,0.007438656418823047,1678143,HEV,+ssRNA
Lys,0.005863948260835723,1678143,HEV,+ssRNA
Leu,0.1277012487546078,12162,CTV,+ssRNA
Ser,0.10798512604962099,12162,CTV,+ssRNA
Arg,0.08461812245832218,12162,CTV,+ssRNA
Val,0.08441199029099629,12162,CTV,+ssRNA
Gly,0.06557038187367863,12162,CTV,+ssRNA
Ala,0.06253317866155753,12162,CTV,+ssRNA
Phe,0.06064787290507154,12162,CTV,+ssRNA
Pro,0.05850627804981716,12162,CTV,+ssRNA
Ile,0.04773079896054426,12162,CTV,+ssRNA
Cys,0.04723297877701387,12162,CTV,+ssRNA
Thr,0.046546677712461605,12162,CTV,+ssRNA
Tyr,0.03574585091150073,12162,CTV,+ssRNA
Asp,0.02803461755650953,12162,CTV,+ssRNA
His,0.026030016627524244,12162,CTV,+ssRNA
Glu,0.022084943796764626,12162,CTV,+ssRNA
Trp,0.020998992924094847,12162,CTV,+ssRNA
Asn,0.020647010167359,12162,CTV,+ssRNA
Gln,0.02051666108493737,12162,CTV,+ssRNA
Lys,0.01627723384773011,12162,CTV,+ssRNA
Met,0.016180018589887563,12162,CTV,+ssRNA
Leu,0.11964436275423836,11082,WNV,+ssRNA
Ser,0.10435445439440107,11082,WNV,+ssRNA
Arg,0.07976227271350866,11082,WNV,+ssRNA
Val,0.07175870212798559,11082,WNV,+ssRNA
Ile,0.06129974097342556,11082,WNV,+ssRNA
Thr,0.060487371139115585,11082,WNV,+ssRNA
Ala,0.055156595662656155,11082,WNV,+ssRNA
Pro,0.05435572642521845,11082,WNV,+ssRNA
Phe,0.05188098588421171,11082,WNV,+ssRNA
Gly,0.050759535117434036,11082,WNV,+ssRNA
Tyr,0.04246160530023076,11082,WNV,+ssRNA
Cys,0.038732874685845416,11082,WNV,+ssRNA
Asn,0.03367168906414013,11082,WNV,+ssRNA
His,0.03210889550417143,11082,WNV,+ssRNA
Asp,0.030789097813976415,11082,WNV,+ssRNA
Gln,0.028378475634944104,11082,WNV,+ssRNA
Lys,0.026766110311503822,11082,WNV,+ssRNA
Glu,0.024605677050852554,11082,WNV,+ssRNA
Met,0.017244175569977836,11082,WNV,+ssRNA
Trp,0.01578165187216232,11082,WNV,+ssRNA
Arg,0.11086870790428692,54290,HGV,+ssRNA
Leu,0.10687756944395652,54290,HGV,+ssRNA
Ser,0.10316789548512169,54290,HGV,+ssRNA
Gly,0.09062626559354162,54290,HGV,+ssRNA
Ala,0.08808266944444887,54290,HGV,+ssRNA
Pro,0.08494315000236391,54290,HGV,+ssRNA
Val,0.08005031395084418,54290,HGV,+ssRNA
Thr,0.04709843012217187,54290,HGV,+ssRNA
Cys,0.043483456145361685,54290,HGV,+ssRNA
Phe,0.03612044932995018,54290,HGV,+ssRNA
Ile,0.028260353606606576,54290,HGV,+ssRNA
Asp,0.026977725270229323,54290,HGV,+ssRNA
His,0.025495983295447965,54290,HGV,+ssRNA
Trp,0.023937979557716885,54290,HGV,+ssRNA
Glu,0.022786038459838055,54290,HGV,+ssRNA
Tyr,0.022077674504669444,54290,HGV,+ssRNA
Gln,0.021602446826723867,54290,HGV,+ssRNA
Asn,0.013436278906197283,54290,HGV,+ssRNA
Met,0.01262887824776561,54290,HGV,+ssRNA
Lys,0.01147773390275762,54290,HGV,+ssRNA
Leu,0.1322888638502571,28344,PRRSV,+ssRNA
Ser,0.11703002359857044,28344,PRRSV,+ssRNA
Pro,0.0857763070266476,28344,PRRSV,+ssRNA
Arg,0.08428673265304193,28344,PRRSV,+ssRNA
Val,0.07279351060611403,28344,PRRSV,+ssRNA
Ala,0.06763540105619714,28344,PRRSV,+ssRNA
Phe,0.059351334249006245,28344,PRRSV,+ssRNA
Gly,0.05311337988077806,28344,PRRSV,+ssRNA
Thr,0.05231286187902315,28344,PRRSV,+ssRNA
Cys,0.04351218564853173,28344,PRRSV,+ssRNA
Ile,0.0434752725387013,28344,PRRSV,+ssRNA
Tyr,0.03362329106392379,28344,PRRSV,+ssRNA
His,0.031247811898168654,28344,PRRSV,+ssRNA
Asp,0.024723452209988294,28344,PRRSV,+ssRNA
Gln,0.02106504998085449,28344,PRRSV,+ssRNA
Asn,0.01900866113546238,28344,PRRSV,+ssRNA
Glu,0.016651331596844822,28344,PRRSV,+ssRNA
Trp,0.01646624306776352,28344,PRRSV,+ssRNA
Lys,0.01282320417030662,28344,PRRSV,+ssRNA
Met,0.012815081889818706,28344,PRRSV,+ssRNA
Leu,0.16182955700013718,694014,ACoV ,+ssRNA (Cov)
Phe,0.12754644694403094,694014,ACoV ,+ssRNA (Cov)
Ser,0.10306614395151133,694014,ACoV ,+ssRNA (Cov)
Ile,0.09791462441201186,694014,ACoV ,+ssRNA (Cov)
Tyr,0.07009964619724644,694014,ACoV ,+ssRNA (Cov)
Val,0.0695805766678229,694014,ACoV ,+ssRNA (Cov)
Thr,0.04295724084453661,694014,ACoV ,+ssRNA (Cov)
Cys,0.04261893422250927,694014,ACoV ,+ssRNA (Cov)
Arg,0.03940430798040691,694014,ACoV ,+ssRNA (Cov)
Asn,0.038302740364066834,694014,ACoV ,+ssRNA (Cov)
Pro,0.02799146222310009,694014,ACoV ,+ssRNA (Cov)
His,0.026379435681183016,694014,ACoV ,+ssRNA (Cov)
Ala,0.024882032093130897,694014,ACoV ,+ssRNA (Cov)
Lys,0.02435353553587687,694014,ACoV ,+ssRNA (Cov)
Asp,0.023020077326570902,694014,ACoV ,+ssRNA (Cov)
Gly,0.02199151505991486,694014,ACoV ,+ssRNA (Cov)
Met,0.016930034312518782,694014,ACoV ,+ssRNA (Cov)
Gln,0.016577805163353606,694014,ACoV ,+ssRNA (Cov)
Glu,0.014522275887275992,694014,ACoV ,+ssRNA (Cov)
Trp,0.010031608132794821,694014,ACoV ,+ssRNA (Cov)
Leu,0.17216009024030887,693997,alCoV1,+ssRNA (Cov)
Phe,0.14333223197137449,693997,alCoV1,+ssRNA (Cov)
Ser,0.11350701398825565,693997,alCoV1,+ssRNA (Cov)
Ile,0.09786158148108312,693997,alCoV1,+ssRNA (Cov)
Tyr,0.07238618312552922,693997,alCoV1,+ssRNA (Cov)
Val,0.058475627854343445,693997,alCoV1,+ssRNA (Cov)
Thr,0.04686967410452729,693997,alCoV1,+ssRNA (Cov)
Cys,0.038106106018124065,693997,alCoV1,+ssRNA (Cov)
Asn,0.03645499595073932,693997,alCoV1,+ssRNA (Cov)
Pro,0.03571313901520363,693997,alCoV1,+ssRNA (Cov)
Arg,0.03259407858203039,693997,alCoV1,+ssRNA (Cov)
His,0.03057440994943208,693997,alCoV1,+ssRNA (Cov)
Ala,0.02248104873125503,693997,alCoV1,+ssRNA (Cov)
Lys,0.019652069574813573,693997,alCoV1,+ssRNA (Cov)
Asp,0.01893997804174286,693997,alCoV1,+ssRNA (Cov)
Gln,0.016295264155095298,693997,alCoV1,+ssRNA (Cov)
Gly,0.014113955529147003,693997,alCoV1,+ssRNA (Cov)
Met,0.013624311481832775,693997,alCoV1,+ssRNA (Cov)
Glu,0.010113029850775342,693997,alCoV1,+ssRNA (Cov)
Trp,0.006745210354386642,693997,alCoV1,+ssRNA (Cov)
Leu,0.1810074169874634,28295,PEDV,+ssRNA (Cov)
Phe,0.15276728991702412,28295,PEDV,+ssRNA (Cov)
Ser,0.13279666686398667,28295,PEDV,+ssRNA (Cov)
Ile,0.07387451746499361,28295,PEDV,+ssRNA (Cov)
Tyr,0.059432788401992856,28295,PEDV,+ssRNA (Cov)
Pro,0.05924671258283835,28295,PEDV,+ssRNA (Cov)
Val,0.05641687002318892,28295,PEDV,+ssRNA (Cov)
Thr,0.04661072267846817,28295,PEDV,+ssRNA (Cov)
Cys,0.03965009757097434,28295,PEDV,+ssRNA (Cov)
Arg,0.036245660305703496,28295,PEDV,+ssRNA (Cov)
His,0.03263932790732844,28295,PEDV,+ssRNA (Cov)
Ala,0.029723635459687,28295,PEDV,+ssRNA (Cov)
Asn,0.022908274511037004,28295,PEDV,+ssRNA (Cov)
Asp,0.015574256340506836,28295,PEDV,+ssRNA (Cov)
Gly,0.014539822181462917,28295,PEDV,+ssRNA (Cov)
Gln,0.013971394771139685,28295,PEDV,+ssRNA (Cov)
Met,0.010069407017403465,28295,PEDV,+ssRNA (Cov)
Lys,0.009305748733973065,28295,PEDV,+ssRNA (Cov)
Trp,0.006697365434811082,28295,PEDV,+ssRNA (Cov)
Glu,0.006522024846016503,28295,PEDV,+ssRNA (Cov)
Phe,0.25485032162070115,-,CoV22C,+ssRNA (Cov)
Leu,0.19327291500517094,-,CoV22C,+ssRNA (Cov)
Ser,0.11489084650011915,-,CoV22C,+ssRNA (Cov)
Ile,0.09611718181681032,-,CoV22C,+ssRNA (Cov)
Tyr,0.07808798951144463,-,CoV22C,+ssRNA (Cov)
Val,0.051238562898932055,-,CoV22C,+ssRNA (Cov)
Cys,0.03813297075160795,-,CoV22C,+ssRNA (Cov)
Thr,0.031139733398738198,-,CoV22C,+ssRNA (Cov)
Asn,0.023909289510818648,-,CoV22C,+ssRNA (Cov)
His,0.023214086435261683,-,CoV22C,+ssRNA (Cov)
Pro,0.01919855874061636,-,CoV22C,+ssRNA (Cov)
Arg,0.01461914201742974,-,CoV22C,+ssRNA (Cov)
Asp,0.0115265995340229,-,CoV22C,+ssRNA (Cov)
Ala,0.010659103511866053,-,CoV22C,+ssRNA (Cov)
Met,0.009481049775998923,-,CoV22C,+ssRNA (Cov)
Lys,0.008412047624112105,-,CoV22C,+ssRNA (Cov)
Gln,0.007925646963476701,-,CoV22C,+ssRNA (Cov)
Gly,0.005739373505983658,-,CoV22C,+ssRNA (Cov)
Glu,0.003960038505563682,-,CoV22C,+ssRNA (Cov)
Trp,0.00362454237132521,-,CoV22C,+ssRNA (Cov)
Phe,0.3168483934695823,-,CoV20A,+ssRNA (Cov)
Leu,0.198279954232095,-,CoV20A,+ssRNA (Cov)
Ser,0.12014989879717655,-,CoV20A,+ssRNA (Cov)
Ile,0.08640188675675353,-,CoV20A,+ssRNA (Cov)
Tyr,0.07334515094096451,-,CoV20A,+ssRNA (Cov)
Val,0.04342531686956782,-,CoV20A,+ssRNA (Cov)
Cys,0.03482892073914166,-,CoV20A,+ssRNA (Cov)
Thr,0.02513937631046335,-,CoV20A,+ssRNA (Cov)
His,0.020164470149150817,-,CoV20A,+ssRNA (Cov)
Pro,0.01811226420621256,-,CoV20A,+ssRNA (Cov)
Asn,0.016934618396742613,-,CoV20A,+ssRNA (Cov)
Arg,0.008894602836003114,-,CoV20A,+ssRNA (Cov)
Asp,0.00779283257710322,-,CoV20A,+ssRNA (Cov)
Ala,0.006972938212055741,-,CoV20A,+ssRNA (Cov)
Met,0.006695808996744964,-,CoV20A,+ssRNA (Cov)
Gln,0.004974906161312287,-,CoV20A,+ssRNA (Cov)
Lys,0.004532034295151633,-,CoV20A,+ssRNA (Cov)
Gly,0.002684374296149627,-,CoV20A,+ssRNA (Cov)
Glu,0.0019216646239473868,-,CoV20A,+ssRNA (Cov)
Trp,0.0019005871336812362,-,CoV20A,+ssRNA (Cov)
Leu,0.13398844077177782,1133363,SBV,-ssRNA
Ser,0.10631377177509244,1133363,SBV,-ssRNA
Ile,0.09778594172333682,1133363,SBV,-ssRNA
Thr,0.08115172205785076,1133363,SBV,-ssRNA
Phe,0.06679168953062589,1133363,SBV,-ssRNA
Tyr,0.06373568377280822,1133363,SBV,-ssRNA
Asn,0.059919912344665496,1133363,SBV,-ssRNA
Pro,0.05751954352133563,1133363,SBV,-ssRNA
His,0.04604825493536059,1133363,SBV,-ssRNA
Arg,0.0450691462358542,1133363,SBV,-ssRNA
Lys,0.04409532556589792,1133363,SBV,-ssRNA
Val,0.04090338164671103,1133363,SBV,-ssRNA
Gln,0.035103467122490205,1133363,SBV,-ssRNA
Ala,0.027439673946364086,1133363,SBV,-ssRNA
Cys,0.023010958988596893,1133363,SBV,-ssRNA
Asp,0.022788363825702426,1133363,SBV,-ssRNA
Glu,0.017629472289490095,1133363,SBV,-ssRNA
Met,0.013554551097348802,1133363,SBV,-ssRNA
Gly,0.012812827287925264,1133363,SBV,-ssRNA
Trp,0.004337871560765352,1133363,SBV,-ssRNA
Leu,0.10023479643872873,162145,HMV,-ssRNA
Ile,0.09844164167287053,162145,HMV,-ssRNA
Lys,0.08746476994408554,162145,HMV,-ssRNA
Ser,0.08225121666761451,162145,HMV,-ssRNA
Asn,0.07039325215752915,162145,HMV,-ssRNA
Arg,0.06837556780288608,162145,HMV,-ssRNA
Thr,0.06566044348144866,162145,HMV,-ssRNA
Val,0.05548224506059494,162145,HMV,-ssRNA
Tyr,0.05356501336889309,162145,HMV,-ssRNA
Glu,0.04088667052202101,162145,HMV,-ssRNA
Phe,0.04073040795832682,162145,HMV,-ssRNA
Gln,0.0364802243281224,162145,HMV,-ssRNA
Asp,0.03267929765500232,162145,HMV,-ssRNA
Gly,0.030354302231102102,162145,HMV,-ssRNA
His,0.029180219153326314,162145,HMV,-ssRNA
Ala,0.027488897280865086,162145,HMV,-ssRNA
Pro,0.02484878921598778,162145,HMV,-ssRNA
Cys,0.02464283290336706,162145,HMV,-ssRNA
Met,0.021715697180431467,162145,HMV,-ssRNA
Trp,0.009123714976796454,162145,HMV,-ssRNA
Leu,0.09858451511363643,1933178,aka,-ssRNA
Ser,0.08760260835953364,1933178,aka,-ssRNA
Ile,0.08292897312847587,1933178,aka,-ssRNA
Arg,0.07730813928239776,1933178,aka,-ssRNA
Lys,0.07083012748403428,1933178,aka,-ssRNA
Thr,0.06773756571526737,1933178,aka,-ssRNA
Asn,0.05939608069077343,1933178,aka,-ssRNA
Val,0.059138599465573004,1933178,aka,-ssRNA
Tyr,0.047356099026049016,1933178,aka,-ssRNA
Glu,0.040849245863421035,1933178,aka,-ssRNA
Gly,0.03992375084284154,1933178,aka,-ssRNA
Phe,0.03770477845673474,1933178,aka,-ssRNA
Gln,0.036929774084555694,1933178,aka,-ssRNA
Ala,0.03645889341897671,1933178,aka,-ssRNA
Asp,0.034052488862444844,1933178,aka,-ssRNA
Pro,0.033251969108999774,1933178,aka,-ssRNA
His,0.030807791630711675,1933178,aka,-ssRNA
Cys,0.02687963801311017,1933178,aka,-ssRNA
Met,0.020945921366235777,1933178,aka,-ssRNA
Trp,0.011313040086227098,1933178,aka,-ssRNA
Leu,0.11425720295506347,3052493,PUUV,-ssRNA
Ile,0.09634398428075308,3052493,PUUV,-ssRNA
Ser,0.08793151638289,3052493,PUUV,-ssRNA
Arg,0.06491182073592365,3052493,PUUV,-ssRNA
Lys,0.0641718286978982,3052493,PUUV,-ssRNA
Val,0.0635701585886692,3052493,PUUV,-ssRNA
Asn,0.05948271127146655,3052493,PUUV,-ssRNA
Thr,0.0583548550815709,3052493,PUUV,-ssRNA
Tyr,0.05669115151596633,3052493,PUUV,-ssRNA
Phe,0.053964887958330265,3052493,PUUV,-ssRNA
Gly,0.03488397757373634,3052493,PUUV,-ssRNA
Glu,0.03440166429065585,3052493,PUUV,-ssRNA
Asp,0.03195399446917092,3052493,PUUV,-ssRNA
Cys,0.03060678373415013,3052493,PUUV,-ssRNA
Ala,0.03051015644526782,3052493,PUUV,-ssRNA
Gln,0.030245751639913,3052493,PUUV,-ssRNA
His,0.028109103441657873,3052493,PUUV,-ssRNA
Pro,0.026645076082397325,3052493,PUUV,-ssRNA
Met,0.021538121335937882,3052493,PUUV,-ssRNA
Trp,0.011425253518581173,3052493,PUUV,-ssRNA
Leu,0.12818134366826758,-,rsv-a,-ssRNA
Ile,0.11890036028659545,-,rsv-a,-ssRNA
Ser,0.09041968337841216,-,rsv-a,-ssRNA
Asn,0.07367315782507619,-,rsv-a,-ssRNA
Tyr,0.07125977964704845,-,rsv-a,-ssRNA
Thr,0.07043250634168216,-,rsv-a,-ssRNA
Phe,0.06833801482435045,-,rsv-a,-ssRNA
Lys,0.06545074448089659,-,rsv-a,-ssRNA
Val,0.04386445320984278,-,rsv-a,-ssRNA
Arg,0.04310142013034892,-,rsv-a,-ssRNA
His,0.0365506263273251,-,rsv-a,-ssRNA
Gln,0.03388188001435723,-,rsv-a,-ssRNA
Pro,0.031232395613544527,-,rsv-a,-ssRNA
Asp,0.02426429812452697,-,rsv-a,-ssRNA
Cys,0.02267476278232851,-,rsv-a,-ssRNA
Glu,0.02256929211228882,-,rsv-a,-ssRNA
Ala,0.020532128018060054,-,rsv-a,-ssRNA
Met,0.016414995295698814,-,rsv-a,-ssRNA
Gly,0.013483462787533674,-,rsv-a,-ssRNA
Trp,0.0047746951318155,-,rsv-a,-ssRNA
Lys,0.11224052044398204,11320,flu_a,-ssRNA
Arg,0.09107893813416795,11320,flu_a,-ssRNA
Ile,0.08171505538089135,11320,flu_a,-ssRNA
Leu,0.074964043129878,11320,flu_a,-ssRNA
Ser,0.07377493374090671,11320,flu_a,-ssRNA
Asn,0.06852964202941567,11320,flu_a,-ssRNA
Thr,0.06457421078129748,11320,flu_a,-ssRNA
Glu,0.05874890265393595,11320,flu_a,-ssRNA
Val,0.055139106178539746,11320,flu_a,-ssRNA
Gly,0.045838240348577385,11320,flu_a,-ssRNA
Gln,0.03997101060707136,11320,flu_a,-ssRNA
Tyr,0.039633778321287734,11320,flu_a,-ssRNA
Asp,0.03637714199565377,11320,flu_a,-ssRNA
Ala,0.03233003548023197,11320,flu_a,-ssRNA
His,0.024603200174226122,11320,flu_a,-ssRNA
Phe,0.02292080656557081,11320,flu_a,-ssRNA
Met,0.022854496358394323,11320,flu_a,-ssRNA
Pro,0.022421327855826255,11320,flu_a,-ssRNA
Cys,0.021083527651828898,11320,flu_a,-ssRNA
Trp,0.011201082168316496,11320,flu_a,-ssRNA
Lys,0.09462623341015516,118655,OROV,-ssRNA
Arg,0.09288306296712466,118655,OROV,-ssRNA
Leu,0.07941087282454726,118655,OROV,-ssRNA
Ile,0.07800037511070489,118655,OROV,-ssRNA
Ser,0.07663779770857908,118655,OROV,-ssRNA
Val,0.06155802424621395,118655,OROV,-ssRNA
Asn,0.061344457515097275,118655,OROV,-ssRNA
Thr,0.06081119849163876,118655,OROV,-ssRNA
Glu,0.05839866177504364,118655,OROV,-ssRNA
Gly,0.053783966735375846,118655,OROV,-ssRNA
Tyr,0.040039657594091026,118655,OROV,-ssRNA
Asp,0.037531567916737785,118655,OROV,-ssRNA
Gln,0.03700469269870286,118655,OROV,-ssRNA
Ala,0.034484401192080995,118655,OROV,-ssRNA
Phe,0.026042309771760298,118655,OROV,-ssRNA
Cys,0.024070881379024977,118655,OROV,-ssRNA
Met,0.023910615216518293,118655,OROV,-ssRNA
His,0.023806505792936018,118655,OROV,-ssRNA
Pro,0.022078190002996607,118655,OROV,-ssRNA
Trp,0.013576527650670705,118655,OROV,-ssRNA
Leu,0.12836870513838122,57482,EBLV1,-ssRNA
Ser,0.11345158570465029,57482,EBLV1,-ssRNA
Pro,0.07596410292129264,57482,EBLV1,-ssRNA
Arg,0.07468497466893627,57482,EBLV1,-ssRNA
Thr,0.06421427209762068,57482,EBLV1,-ssRNA
Val,0.06282468980264613,57482,EBLV1,-ssRNA
Ile,0.05887552144629016,57482,EBLV1,-ssRNA
Phe,0.056769171468844686,57482,EBLV1,-ssRNA
Ala,0.05501997100829039,57482,EBLV1,-ssRNA
Tyr,0.04219523676140293,57482,EBLV1,-ssRNA
Gly,0.03979494008539603,57482,EBLV1,-ssRNA
His,0.037045617219211645,57482,EBLV1,-ssRNA
Cys,0.036244719440886114,57482,EBLV1,-ssRNA
Asn,0.03131289629023927,57482,EBLV1,-ssRNA
Gln,0.02716865487840902,57482,EBLV1,-ssRNA
Asp,0.02685195580287872,57482,EBLV1,-ssRNA
Lys,0.022968011242217902,57482,EBLV1,-ssRNA
Glu,0.01966500366064591,57482,EBLV1,-ssRNA
Met,0.014315912529821746,57482,EBLV1,-ssRNA
Trp,0.012264057831938272,57482,EBLV1,-ssRNA
Leu,0.1113653248939442,3052763,RSV,-ssRNA
Ser,0.09593085816693045,3052763,RSV,-ssRNA
Arg,0.07792572118212014,3052763,RSV,-ssRNA
Ile,0.07279328067579448,3052763,RSV,-ssRNA
Val,0.06817691771839066,3052763,RSV,-ssRNA
Thr,0.0610005699999024,3052763,RSV,-ssRNA
Gly,0.04835822501106958,3052763,RSV,-ssRNA
Phe,0.04762454944412541,3052763,RSV,-ssRNA
Tyr,0.04601339827474382,3052763,RSV,-ssRNA
Lys,0.0449069684608087,3052763,RSV,-ssRNA
Ala,0.04487617761922819,3052763,RSV,-ssRNA
Asn,0.044439105201383444,3052763,RSV,-ssRNA
Pro,0.04163068418424687,3052763,RSV,-ssRNA
Cys,0.033917121433857986,3052763,RSV,-ssRNA
Glu,0.033049543562891956,3052763,RSV,-ssRNA
Asp,0.03273118788612655,3052763,RSV,-ssRNA
Gln,0.030653658394568985,3052763,RSV,-ssRNA
His,0.030346911605333426,3052763,RSV,-ssRNA
Met,0.019736752291890418,3052763,RSV,-ssRNA
Trp,0.014523043992642285,3052763,RSV,-ssRNA
Leu,0.10774721840750788,40054,EHDV,dsRNA
Ser,0.0961085446498141,40054,EHDV,dsRNA
Arg,0.08135602672456929,40054,EHDV,dsRNA
Ile,0.0691788364912785,40054,EHDV,dsRNA
Val,0.06698853899529564,40054,EHDV,dsRNA
Thr,0.06323890417891918,40054,EHDV,dsRNA
Gly,0.05049576260907894,40054,EHDV,dsRNA
Ala,0.047289069360841526,40054,EHDV,dsRNA
Lys,0.044877519732398855,40054,EHDV,dsRNA
Pro,0.044161799527744336,40054,EHDV,dsRNA
Asn,0.04378965740051703,40054,EHDV,dsRNA
Tyr,0.04371573470251636,40054,EHDV,dsRNA
Phe,0.043625928206674824,40054,EHDV,dsRNA
Glu,0.034066957363727834,40054,EHDV,dsRNA
Asp,0.033132058474901076,40054,EHDV,dsRNA
Cys,0.03301867507758709,40054,EHDV,dsRNA
Gln,0.03208880245787908,40054,EHDV,dsRNA
His,0.03115010172103995,40054,EHDV,dsRNA
Met,0.019369811628776785,40054,EHDV,dsRNA
Trp,0.014600052288931702,40054,EHDV,dsRNA
Leu,0.11751354712948153,10407,HBV,dsRNA
Ser,0.11088504948845397,10407,HBV,dsRNA
Pro,0.08807810423412897,10407,HBV,dsRNA
Arg,0.08034528441166469,10407,HBV,dsRNA
Thr,0.07275471040729692,10407,HBV,dsRNA
Ala,0.05921031078569993,10407,HBV,dsRNA
Val,0.05594640156949829,10407,HBV,dsRNA
Ile,0.05524903224949223,10407,HBV,dsRNA
Phe,0.04446133452993825,10407,HBV,dsRNA
His,0.04118002957516823,10407,HBV,dsRNA
Gly,0.03976240793666468,10407,HBV,dsRNA
Tyr,0.03887654998726809,10407,HBV,dsRNA
Asn,0.03374107286641725,10407,HBV,dsRNA
Cys,0.03161807611806527,10407,HBV,dsRNA
Gln,0.031574680832128665,10407,HBV,dsRNA
Asp,0.027612531033021533,10407,HBV,dsRNA
Lys,0.025727577768213675,10407,HBV,dsRNA
Glu,0.021134973625964743,10407,HBV,dsRNA
Met,0.013406440805086052,10407,HBV,dsRNA
Trp,0.010921884646346969,10407,HBV,dsRNA
Leu,0.12424703796996497,1157337,PRV,dsRNA
Ser,0.11316781262558208,1157337,PRV,dsRNA
Pro,0.08484983403303643,1157337,PRV,dsRNA
Arg,0.07385292007189241,1157337,PRV,dsRNA
Thr,0.07187162298981582,1157337,PRV,dsRNA
Ile,0.05999172245459751,1157337,PRV,dsRNA
Val,0.05569417313712876,1157337,PRV,dsRNA
Ala,0.05451901108547662,1157337,PRV,dsRNA
Phe,0.05083421016281147,1157337,PRV,dsRNA
Tyr,0.042291424236661976,1157337,PRV,dsRNA
His,0.04141651932374084,1157337,PRV,dsRNA
Asn,0.03502959341255001,1157337,PRV,dsRNA
Gly,0.03457958833390168,1157337,PRV,dsRNA
Cys,0.032156671093459134,1157337,PRV,dsRNA
Gln,0.0304551036660751,1157337,PRV,dsRNA
Asp,0.02653592321692779,1157337,PRV,dsRNA
Lys,0.02563542115629203,1157337,PRV,dsRNA
Glu,0.01933390898641574,1157337,PRV,dsRNA
Met,0.013410114745467218,1157337,PRV,dsRNA
Trp,0.010127387298202378,1157337,PRV,dsRNA
Leu,0.09715634177580795,351073,MRV,dsRNA
Arg,0.09627274372220027,351073,MRV,dsRNA
Ser,0.08969524925783937,351073,MRV,dsRNA
Gly,0.0807271740530583,351073,MRV,dsRNA
Val,0.08035075786101213,351073,MRV,dsRNA
Ile,0.05644944505627503,351073,MRV,dsRNA
Ala,0.05390093459833946,351073,MRV,dsRNA
Thr,0.051928895205383574,351073,MRV,dsRNA
Glu,0.04237180912386088,351073,MRV,dsRNA
Lys,0.041001347964062546,351073,MRV,dsRNA
Cys,0.036832484824220205,351073,MRV,dsRNA
Phe,0.03664592518051862,351073,MRV,dsRNA
Asp,0.0357960904551605,351073,MRV,dsRNA
Tyr,0.035680421706580666,351073,MRV,dsRNA
Pro,0.03513600564319146,351073,MRV,dsRNA
Asn,0.03460720533031363,351073,MRV,dsRNA
Gln,0.02820331199823737,351073,MRV,dsRNA
His,0.023725583207146128,351073,MRV,dsRNA
Trp,0.02208731259924929,351073,MRV,dsRNA
Met,0.02143096043754251,351073,MRV,dsRNA
Leu,0.14884940221334933,38170,aorv,dsRNA
Ser,0.12445665581556752,38170,aorv,dsRNA
Pro,0.08240029756253582,38170,aorv,dsRNA
Phe,0.07983457211028373,38170,aorv,dsRNA
Val,0.07086593274657611,38170,aorv,dsRNA
Arg,0.07030289218793258,38170,aorv,dsRNA
Ala,0.05744119215868937,38170,aorv,dsRNA
Thr,0.050157529566832004,38170,aorv,dsRNA
Ile,0.050066615986526716,38170,aorv,dsRNA
Cys,0.044789245344606224,38170,aorv,dsRNA
Gly,0.039757379850682506,38170,aorv,dsRNA
Tyr,0.03936418673806975,38170,aorv,dsRNA
His,0.03169749055278459,38170,aorv,dsRNA
Asp,0.022087824424442532,38170,aorv,dsRNA
Asn,0.019293988780559997,38170,aorv,dsRNA
Gln,0.01846003901404749,38170,aorv,dsRNA
Trp,0.013857342459471964,38170,aorv,dsRNA
Glu,0.012861700029243221,38170,aorv,dsRNA
Met,0.012219344942498041,38170,aorv,dsRNA
Lys,0.011236367515300548,38170,aorv,dsRNA
Leu,0.13339433907127607,77763,BAV,dsRNA
Ser,0.10280105235046356,77763,BAV,dsRNA
Ile,0.08284634327177472,77763,BAV,dsRNA
Phe,0.07152361690018887,77763,BAV,dsRNA
Val,0.06817339909448354,77763,BAV,dsRNA
Arg,0.06093159331688964,77763,BAV,dsRNA
Thr,0.056937581888372335,77763,BAV,dsRNA
Tyr,0.055449473643464524,77763,BAV,dsRNA
Asn,0.04291745951515481,77763,BAV,dsRNA
Pro,0.04036042257338805,77763,BAV,dsRNA
Cys,0.03735813226884559,77763,BAV,dsRNA
Ala,0.037239068094612644,77763,BAV,dsRNA
Lys,0.03551967485801801,77763,BAV,dsRNA
Gly,0.03435445899838526,77763,BAV,dsRNA
His,0.031218072434451263,77763,BAV,dsRNA
Asp,0.02874801021839505,77763,BAV,dsRNA
Gln,0.02571950945392108,77763,BAV,dsRNA
Glu,0.02369252522227699,77763,BAV,dsRNA
Met,0.01854909065131847,77763,BAV,dsRNA
Trp,0.012266176174319481,77763,BAV,dsRNA
Leu,0.18110328859570105,10990,RBSDV,dsRNA
Phe,0.15993237472847383,10990,RBSDV,dsRNA
Ser,0.12310958698362805,10990,RBSDV,dsRNA
Ile,0.08947702697431868,10990,RBSDV,dsRNA
Tyr,0.06910290648128758,10990,RBSDV,dsRNA
Val,0.05664303060332835,10990,RBSDV,dsRNA
Thr,0.04507575058077603,10990,RBSDV,dsRNA
Pro,0.0414736248837328,10990,RBSDV,dsRNA
Cys,0.038833864418524114,10990,RBSDV,dsRNA
His,0.030935738154894237,10990,RBSDV,dsRNA
Arg,0.03007170682882645,10990,RBSDV,dsRNA
Asn,0.029764855141581573,10990,RBSDV,dsRNA
Ala,0.02252853994895829,10990,RBSDV,dsRNA
Asp,0.016467271061686207,10990,RBSDV,dsRNA
Gln,0.014140012425881664,10990,RBSDV,dsRNA
Lys,0.013792034030435335,10990,RBSDV,dsRNA
Gly,0.012196055093293424,10990,RBSDV,dsRNA
Met,0.011717993284355155,10990,RBSDV,dsRNA
Glu,0.00754316687986819,10990,RBSDV,dsRNA
Trp,0.006091172900449055,10990,RBSDV,dsRNA
