nucl,freq,taxid
A,0.223352979616408,10407
C,0.3011982206774789,10407
G,0.1959345888059905,10407
T,0.2795142109001226,10407
A,0.22035855881669222,10990
C,0.15209527284647334,10990
G,0.08742868290567246,10990
T,0.540117485431162,10990
A,0.27612324824237855,11082
C,0.18804436924047394,11082
G,0.24903137777939305,11082
T,0.2868010047377545,11082
A,0.4437713571701649,11320
C,0.13200064442589918,11320
G,0.16572392825510154,11320
T,0.2585040701488345,11320
A,0.3703289250354378,1133363
C,0.20152169086777286,1133363
G,0.08214461069770597,1133363
T,0.3460047733990834,1133363
A,0.2349027974363407,1157337
C,0.29477612889978144,1157337
G,0.16791792041325593,1157337
T,0.30240315325062184,1157337
A,0.4284846659117354,118655
C,0.12323905155184066,118655
G,0.18516634963936004,118655
T,0.2631099328970638,118655
A,0.2557128439678427,11983
C,0.26698553180942286,11983
G,0.18848449316528443,11983
T,0.28881713105744994,11983
A,0.2769069007254388,12092
C,0.10210749921976114,12092
G,0.16232027163793855,12092
T,0.4586653284168615,12092
A,0.18115827098555046,12110
C,0.3379874283393125,12110
G,0.2686566653656821,12110
T,0.2121976353094549,12110
A,0.16891311013390858,12162
C,0.22440760162604614,12162
G,0.2728750765763958,12162
T,0.3338042116636493,12162
A,0.4047788561398054,12637
C,0.18418982223304764,12637
G,0.22831776774906945,12637
T,0.18271355387807756,12637
A,0.2502784905757673,138948
C,0.22991413866727733,138948
G,0.22623024470185693,138948
T,0.29357712605509845,138948
A,0.3142806284754715,138950
C,0.20261013885703916,138950
G,0.25113116492594106,138950
T,0.23197806774154836,138950
A,0.29027295314667295,138951
C,0.19383013028860632,138951
G,0.13206616627922935,138951
T,0.3838307502854914,138951
A,0.42738111865012324,162145
C,0.12438942955352951,162145
G,0.13174234272041332,162145
T,0.31648710907593397,162145
A,0.13795594984784967,1678143
C,0.32624784354276987,1678143
G,0.2014363275156193,1678143
T,0.3343598790937612,1678143
A,0.3870006294573259,1933178
C,0.1535568473028521,1933178
G,0.1623318378485799,1933178
T,0.29711068539124214,1933178
A,0.2850146139793215,198112
C,0.08730402341542562,198112
G,0.20673510229251163,198112
T,0.42094626031274124,198112
A,0.20681720091399622,28295
C,0.19493423970777057,28295
G,0.11324979444921453,28295
T,0.48499876492901883,28295
A,0.1662417634541057,28344
C,0.28622399659499603,28344
G,0.24011147632165894,28344
T,0.30742276362923926,28344
A,0.1651386556963093,3052230
C,0.3294212952416712,3052230
G,0.3294746638780691,3052230
T,0.17596538518395033,3052230
A,0.3529424562424113,3052493
C,0.13655572590430662,3052493
G,0.16239215326904452,3052493
T,0.3481096645842376,3052493
A,0.29131676380332955,3052763
C,0.19486014704931295,3052763
G,0.206176407296835,3052763
T,0.3076466818505224,3052763
A,0.26555563544154853,351073
C,0.1601658747846246,351073
G,0.28353745390361323,351073
T,0.2907410358702137,351073
A,0.16481721880237973,38170
C,0.26937314521841504,38170
G,0.20361738374952826,38170
T,0.36219225222967694,38170
A,0.305122078911014,40054
C,0.18618108042360315,40054
G,0.2099238205913348,40054
T,0.29877302007404805,40054
A,0.13093142715688044,54290
C,0.30059090046670656,54290
G,0.33922025722771565,54290
T,0.22925741514869744,54290
A,0.2272345975224752,57482
C,0.2676927651601997,57482
G,0.18665618873023856,57482
T,0.3184164485870864,57482
A,0.2458694480108844,693997
C,0.14451000165904623,693997
G,0.095658402585371,693997
T,0.5139621477446984,693997
A,0.24923701235563114,694014
C,0.1328303256560567,694014
G,0.1270043504978015,694014
T,0.4909283114905107,694014
A,0.2830732408415128,77763
C,0.17399389898843967,77763
G,0.16240549534561463,77763
T,0.38052736482443295,77763
