refseq_id,taxid,A,T,G,C
GCF_000861825.2,10407,0.24588235294117647,0.3129411764705882,0.18705882352941178,0.2541176470588235
GCF_000852945.1,10990,0.2537313432835821,0.4846818538884525,0.10722702278083268,0.15435978004713274
GCF_000861085.1,11082,0.2774711490215755,0.22428499749121927,0.23733065730055194,0.26091319618665326
GCF_004789575.1,1133363,0.41606498194945846,0.30866425992779783,0.13086642599277978,0.1444043321299639
GCF_002829625.1,1157337,0.20579615760338651,0.384565288179746,0.19179420384239662,0.21784435037447086
GCF_000853785.1,118655,0.425891181988743,0.3048780487804878,0.12195121951219512,0.1472795497185741
GCF_000864005.1,11983,0.2619047619047619,0.2980952380952381,0.1657142857142857,0.2742857142857143
GCF_000860505.1,12092,0.3090909090909091,0.46853146853146854,0.11888111888111888,0.1034965034965035
GCF_002816555.1,12110,0.18282828282828284,0.24444444444444444,0.2404040404040404,0.3323232323232323
GCF_000862265.1,12162,0.13376683697166744,0.42034370645610775,0.2721783557826289,0.17371110078959592
GCF_000871845.1,12637,0.41353383458646614,0.1699248120300752,0.20075187969924813,0.21578947368421053
GCF_000861905.1,138948,0.2646720368239356,0.2761795166858458,0.17491369390103567,0.28423475258918296
GCF_000861165.1,138950,0.32193396226415094,0.25589622641509435,0.19929245283018868,0.22287735849056603
GCF_002816725.1,138951,0.3860294117647059,0.32107843137254904,0.12622549019607843,0.16666666666666666
GCF_002815375.1,162145,0.4369873228933632,0.28113348247576436,0.12751677852348994,0.15436241610738255
GCF_002826225.1,1678143,0.09725685785536159,0.2959268495428096,0.18952618453865336,0.4172901080631754
GCF_000871205.1,1933178,0.3757628596338274,0.3051438535309503,0.15257192676547515,0.16652136006974716
GCF_000852585.1,198112,0.27680525164113784,0.4540481400437637,0.17943107221006566,0.08971553610503283
GCF_009858895.2,2697049,0.27879015592710876,0.51906819462709,0.06838249107646065,0.1337591583693406
GCF_000848685.1,28295,0.19387755102040816,0.5082199546485261,0.11196145124716553,0.18594104308390022
GCF_000862745.1,28344,0.15874177029992684,0.2821263106559376,0.23189465983906365,0.3272372592050719
GCF_000861845.1,3052230,0.13942931258106356,0.19390402075226978,0.28793774319066145,0.3787289234760052
GCF_000854405.1,3052493,0.39303482587064675,0.351575456053068,0.13432835820895522,0.12106135986733002
GCF_000851385.1,3052763,0.3103007037747921,0.34612923864363404,0.1727447216890595,0.1708253358925144
GCF_006298385.1,351073,0.25674740484429065,0.3173010380622837,0.2698961937716263,0.1560553633217993
GCF_003092915.1,38170,0.18784710878797778,0.35707285200914735,0.24599803985625612,0.20908199934661875
GCF_000885335.1,40054,0.3555322496067121,0.21604614577871,0.30414263240692185,0.124278972207656
GCF_000862005.1,54290,0.13161659513590845,0.21816881258941345,0.3447782546494993,0.3054363376251788
GCF_000870765.1,57482,0.26293469041560646,0.2595419847328244,0.24003392705682783,0.23748939779474132
GCF_002985995.1,693997,0.27102005975245413,0.4950917626973965,0.10734101579172002,0.12654716175842937
GCF_000862965.1,694014,0.2889927751806205,0.49957501062473436,0.10688482787930302,0.10454738631534212
GCF_000858185.1,77763,0.3054110301768991,0.42455775234131116,0.1586888657648283,0.1113423517169615
