aa,eq_freq,group
Leu,0.1224471249704517,+ssRNA (14)
Ser,0.10797709807028179,+ssRNA (14)
Arg,0.08176310377429738,+ssRNA (14)
Val,0.0714691173983595,+ssRNA (14)
Pro,0.06381274581918844,+ssRNA (14)
Ala,0.058352010572990276,+ssRNA (14)
Thr,0.058300457168785916,+ssRNA (14)
Ile,0.0555904427395176,+ssRNA (14)
Phe,0.05353966759422932,+ssRNA (14)
Gly,0.05223106114927332,+ssRNA (14)
Tyr,0.03953638005982093,+ssRNA (14)
Cys,0.03953237299690612,+ssRNA (14)
His,0.03210816972906081,+ssRNA (14)
Asn,0.029151172443600624,+ssRNA (14)
Asp,0.029101609857073902,+ssRNA (14)
Gln,0.026192287439725202,+ssRNA (14)
Lys,0.023547340613676748,+ssRNA (14)
Glu,0.023411093201306972,+ssRNA (14)
Met,0.016006432181252687,+ssRNA (14)
Trp,0.015930312220200717,+ssRNA (14)
Phe,0.1903160229581554,+ssRNA (4 CoV)
Leu,0.18498183198026025,+ssRNA (4 CoV)
Ser,0.11815648195386103,+ssRNA (4 CoV)
Ile,0.09391001518617312,+ssRNA (4 CoV)
Tyr,0.07356158791828138,+ssRNA (4 CoV)
Val,0.05603573178657804,+ssRNA (4 CoV)
Thr,0.039612598639637134,+ssRNA (4 CoV)
Cys,0.039234656473761655,+ssRNA (4 CoV)
Pro,0.03234077492177474,+ssRNA (4 CoV)
Asn,0.0284281532498161,+ssRNA (4 CoV)
His,0.02774615805410223,+ssRNA (4 CoV)
Arg,0.024725655427521007,+ssRNA (4 CoV)
Ala,0.018261639722052345,+ssRNA (4 CoV)
Asp,0.015096450820285741,+ssRNA (4 CoV)
Lys,0.012231961560379328,+ssRNA (4 CoV)
Gln,0.01186644058553485,+ssRNA (4 CoV)
Met,0.011309736216675265,+ssRNA (4 CoV)
Gly,0.010228747743540725,+ssRNA (4 CoV)
Glu,0.006464015705468658,+ssRNA (4 CoV)
Trp,0.005491339096141136,+ssRNA (4 CoV)
Leu,0.10842538059348465,-ssRNA (11)
Ser,0.09137103705668105,-ssRNA (11)
Ile,0.08755994826215784,-ssRNA (11)
Arg,0.06962383486511423,-ssRNA (11)
Thr,0.06759681361019436,-ssRNA (11)
Lys,0.06319963539875044,-ssRNA (11)
Asn,0.05872657667425105,-ssRNA (11)
Val,0.058339041193365096,-ssRNA (11)
Tyr,0.05176159013167494,-ssRNA (11)
Phe,0.045603480956771476,-ssRNA (11)
Pro,0.03605063266862539,-ssRNA (11)
Ala,0.03513345822455185,-ssRNA (11)
Gln,0.035047345482555954,-ssRNA (11)
Glu,0.03449037664056243,-ssRNA (11)
Gly,0.03415430390622634,-ssRNA (11)
His,0.03254946812763832,-ssRNA (11)
Asp,0.032028035014029496,-ssRNA (11)
Cys,0.028089268669145035,-ssRNA (11)
Met,0.019908908075241892,-ssRNA (11)
Trp,0.010340864448978143,-ssRNA (11)
Leu,0.13512691094323112,dsDNA (7)
Ser,0.11141536041715269,dsDNA (7)
Ile,0.06830341484827432,dsDNA (7)
Phe,0.06819244143011935,dsDNA (7)
Val,0.06691794467144363,dsDNA (7)
Arg,0.06686801992226099,dsDNA (7)
Thr,0.0593017212916002,dsDNA (7)
Pro,0.05874654508056974,dsDNA (7)
Tyr,0.04829970658549367,dsDNA (7)
Ala,0.04679962941815208,dsDNA (7)
Cys,0.03839967377153643,dsDNA (7)
Gly,0.0372435297250825,dsDNA (7)
Asn,0.03411311687103582,dsDNA (7)
His,0.0340518381236571,dsDNA (7)
Asp,0.027047077529214637,dsDNA (7)
Lys,0.025336524799216546,dsDNA (7)
Gln,0.025249883167943164,dsDNA (7)
Glu,0.020068390504108812,dsDNA (7)
Met,0.01590660296952655,dsDNA (7)
Trp,0.012611667930380646,dsDNA (7)
