,Mut,ObsNum,ExpNum,MutSpec,MutSpec_q05,MutSpec_median,MutSpec_q95,taxid
0,A>C,36.7027,202.23,0.0347844,0.0226432,0.0350465,0.0442815,10990
1,A>G,198.668,439.578,0.0866211,0.0759077,0.0866308,0.0960354,10990
2,A>T,22.7744,161.021,0.0271079,0.0163046,0.0260673,0.0349699,10990
3,C>A,17.7676,76.0393,0.0447839,0.0280919,0.0460208,0.0607047,10990
4,C>G,1.99772,55.9279,0.00684601,0.0,0.00684902,0.0147633,10990
5,C>T,307.205,173.589,0.339187,0.312475,0.337322,0.360959,10990
6,G>A,163.373,133.434,0.234664,0.215386,0.234802,0.257359,10990
7,G>T,22.901,42.6997,0.102792,0.0727472,0.101335,0.133139,10990
8,T>A,15.9786,306.402,0.00999489,0.00507356,0.0103241,0.0141582,10990
9,T>C,385.423,770.595,0.0958613,0.0867901,0.09532,0.105118,10990
10,T>G,21.8677,241.48,0.0173562,0.0108757,0.0172582,0.024607,10990
11,G>C,0.0,42.6997,0.0,0.0,0.0,0.0,10990
0,A>C,20.9881,641.201,0.0129223,0.00754742,0.0132623,0.0181457,11082
1,A>G,254.274,786.138,0.127692,0.116645,0.128397,0.138144,11082
2,A>T,12.9993,521.195,0.00984651,0.00600627,0.0105062,0.0145734,11082
3,C>A,31.9994,559.116,0.0225945,0.0167068,0.0221401,0.0290148,11082
4,C>G,1.99998,440.638,0.00179187,0.0,0.00180068,0.00361858,11082
5,C>T,991.465,1030.73,0.379747,0.36541,0.381149,0.396014,11082
6,G>A,251.727,804.723,0.123494,0.112222,0.124229,0.135271,11082
7,G>C,3.99995,408.512,0.00386555,0.0,0.00385394,0.00638854,11082
8,G>T,32.9989,408.512,0.0318901,0.024331,0.0316954,0.0410482,11082
9,T>A,22.9987,397.983,0.022814,0.0142174,0.0231472,0.0291915,11082
10,T>C,491.287,778.375,0.249177,0.236037,0.247268,0.266023,11082
11,T>G,11.9997,334.443,0.0141648,0.00771147,0.0138802,0.0198574,11082
0,A>C,4.9999,191.651,0.00885204,0.00348603,0.00739018,0.0144232,11320_1
1,A>G,98.9837,233.698,0.143715,0.127306,0.142971,0.160884,11320_1
2,A>T,5.99959,142.617,0.0142739,0.00478893,0.0142808,0.02402,11320_1
3,C>A,17.996,77.0157,0.0792848,0.0533853,0.0762481,0.104313,11320_1
4,C>T,96.9827,165.881,0.198377,0.171655,0.200439,0.228004,11320_1
5,G>A,155.959,158.221,0.334457,0.301002,0.33351,0.379159,11320_1
6,G>T,10.9999,64.313,0.0580342,0.0319245,0.0627649,0.0849798,11320_1
7,T>A,8.0,86.1396,0.0315123,0.0150797,0.0315396,0.0540724,11320_1
8,T>C,64.9871,174.194,0.126587,0.100714,0.126536,0.148844,11320_1
9,T>G,1.0,69.1419,0.0049074,0.0,0.00947247,0.0102064,11320_1
10,C>G,0.0,56.9955,0.0,0.0,0.0,0.0,11320_1
11,G>C,0.0,64.313,0.0,0.0,0.0,0.0,11320_1
0,A>C,9.99857,191.396,0.0149306,0.00863078,0.0150617,0.0223477,11320_2
1,A>G,101.92,240.193,0.121275,0.100022,0.11593,0.142365,11320_2
2,A>T,7.0,149.885,0.0133479,0.00394817,0.0116902,0.022238,11320_2
3,C>A,15.9991,66.2972,0.068972,0.049322,0.0704726,0.0982821,11320_2
4,C>T,95.9624,167.356,0.163883,0.142852,0.165624,0.189253,11320_2
5,G>A,146.891,124.178,0.338085,0.300576,0.334576,0.375984,11320_2
6,G>T,9.99404,48.036,0.0594631,0.0349167,0.060352,0.0924554,11320_2
7,T>A,9.99925,82.8243,0.034505,0.0147532,0.0339395,0.0489123,11320_2
8,T>C,105.926,195.691,0.154705,0.130402,0.152326,0.174687,11320_2
9,T>G,6.99948,64.8806,0.0308336,0.0171234,0.034,0.0512846,11320_2
10,C>G,0.0,50.7365,0.0,0.0,0.0,0.0,11320_2
11,G>C,0.0,48.036,0.0,0.0,0.0,0.0,11320_2
0,A>C,3.99793,320.108,0.0110448,0.00511455,0.0108655,0.0218387,1133363
1,A>G,43.8804,440.518,0.0880899,0.0708047,0.0864865,0.109497,1133363
2,A>T,3.99982,292.126,0.0121085,0.00506444,0.0116509,0.0196963,1133363
3,C>A,2.99997,108.414,0.0244708,0.0,0.0296985,0.0489782,1133363
4,C>T,81.8388,270.444,0.267609,0.22484,0.262088,0.30743,1133363
5,G>A,63.7267,157.345,0.358169,0.307049,0.358583,0.410341,1133363
6,G>C,3.99991,66.4636,0.0532213,0.0,0.0543638,0.0937743,1133363
7,G>T,1.0,66.4636,0.0133056,0.0,0.0236481,0.0290452,1133363
8,T>A,3.9997,178.833,0.0197787,0.0,0.0196435,0.0334113,1133363
9,T>C,83.6143,507.65,0.145658,0.120128,0.146929,0.173881,1133363
10,T>G,0.99833,134.913,0.00654396,0.0,0.0116807,0.0147643,1133363
11,C>G,0.0,71.5318,0.0,0.0,0.0,0.0,1133363
0,A>C,2.0,157.095,0.0272821,0.0,0.0258168,0.0640964,1157337
1,A>G,23.3745,229.54,0.218221,0.152276,0.208151,0.278468,1157337
2,A>T,1.0,137.062,0.0156349,0.0,0.0,0.0380785,1157337
3,C>A,1.99717,171.331,0.0249799,0.0,0.02408,0.0568941,1157337
4,C>T,29.8237,330.411,0.193427,0.14809,0.197433,0.257694,1157337
5,G>A,25.4013,194.979,0.279178,0.203331,0.281743,0.335576,1157337
6,G>T,0.99566,81.7661,0.0260945,0.0,0.0438857,0.0564791,1157337
7,T>A,2.96635,270.762,0.0234772,0.0,0.0278011,0.0457439,1157337
8,T>C,40.3449,450.988,0.191706,0.151636,0.194039,0.22934,1157337
9,C>G,0.0,130.862,0.0,0.0,0.0,0.0,1157337
10,G>C,0.0,81.7661,0.0,0.0,0.0,0.0,1157337
11,T>G,0.0,243.508,0.0,0.0,0.0,0.0,1157337
0,A>C,4.98098,510.387,0.00438448,0.00164808,0.00515343,0.00712399,118655
1,A>G,207.494,711.311,0.131054,0.118157,0.130371,0.145647,118655
2,A>T,8.34583,430.446,0.00871071,0.00398345,0.00946276,0.0141163,118655
3,C>A,10.502,154.387,0.0305607,0.0148133,0.0297889,0.0415605,118655
4,C>G,8.96486,106.82,0.0377045,0.0202961,0.0375553,0.0501515,118655
5,C>T,233.149,411.584,0.254494,0.233917,0.256084,0.286762,118655
6,G>A,194.325,310.043,0.281585,0.257753,0.284297,0.305459,118655
7,G>C,3.0,95.3184,0.0141399,0.0,0.0176825,0.0287354,118655
8,G>T,12.9481,95.3184,0.0610284,0.0369883,0.059934,0.0891825,118655
9,T>A,12.566,253.504,0.0222697,0.0122218,0.021737,0.0296961,118655
10,T>C,227.139,761.038,0.134087,0.120212,0.133853,0.148887,118655
11,T>G,8.83641,198.675,0.0199818,0.00464343,0.0205883,0.0294413,118655
0,A>C,33.0665,303.419,0.00924425,0.00666623,0.00911275,0.0114985,11983
1,A>G,852.768,394.192,0.183506,0.176456,0.182694,0.189839,11983
2,A>T,76.0641,256.03,0.0252009,0.0210863,0.0249007,0.0295746,11983
3,C>A,47.0582,281.962,0.014157,0.0092483,0.0142185,0.0181367,11983
4,C>G,7.82141,236.51,0.00280519,0.00124159,0.00289182,0.00468114,11983
5,C>T,1331.79,464.716,0.243095,0.233815,0.24365,0.255826,11983
6,G>A,875.034,326.102,0.227613,0.217775,0.228132,0.23743,11983
7,G>C,18.3761,128.105,0.0121679,0.00835203,0.0117655,0.016207,11983
8,G>T,32.1478,128.105,0.0212869,0.0159314,0.0210434,0.0282594,11983
9,T>A,88.7131,240.109,0.0313405,0.0263855,0.0313987,0.0381342,11983
10,T>C,1254.33,474.415,0.224274,0.212081,0.224686,0.235724,11983
11,T>G,13.3856,213.855,0.0053094,0.00249981,0.00531313,0.00804036,11983
0,A>C,43.1725,236.262,0.0126522,0.00859453,0.0122542,0.0162312,12110
1,A>G,1152.37,356.767,0.223645,0.212996,0.223635,0.234748,12110
2,A>T,51.1402,194.209,0.0182325,0.014477,0.0186469,0.0218229,12110
3,C>A,99.489,469.564,0.0146701,0.0120515,0.0147626,0.0171364,12110
4,C>G,14.6618,392.045,0.00258943,0.00114101,0.00248364,0.00364736,12110
5,C>T,2730.98,938.276,0.20153,0.19396,0.201112,0.209484,12110
6,G>A,1083.02,546.988,0.137092,0.130521,0.137157,0.143387,12110
7,G>C,56.6432,275.666,0.0142271,0.0112902,0.0142777,0.0174476,12110
8,G>T,68.1714,275.666,0.0171227,0.0141672,0.0170829,0.0203291,12110
9,T>A,92.7071,315.212,0.0203639,0.0175586,0.0206819,0.0229683,12110
10,T>C,2291.74,496.376,0.319673,0.310564,0.320005,0.3297,12110
11,T>G,72.5567,275.982,0.0182032,0.0147798,0.0180462,0.0210035,12110
0,A>C,28.7177,329.2,0.0235729,0.0187539,0.0245035,0.0288017,12162
1,A>G,411.304,469.138,0.236911,0.220839,0.239405,0.257251,12162
2,A>T,56.4602,238.974,0.0638432,0.0500705,0.0639957,0.076703,12162
3,C>A,37.9897,392.243,0.0261718,0.0198571,0.0250631,0.0339682,12162
4,C>G,22.1336,305.481,0.0195791,0.0122317,0.0189545,0.024847,12162
5,C>T,648.639,751.623,0.233199,0.220006,0.232052,0.245492,12162
6,G>A,366.176,710.15,0.139336,0.12722,0.140205,0.151908,12162
7,G>C,17.8744,385.78,0.0125204,0.00898542,0.0126989,0.0168367,12162
8,G>T,43.8212,385.78,0.030695,0.021037,0.0293341,0.0386147,12162
9,T>A,80.446,666.418,0.0326198,0.0284458,0.0326166,0.0363721,12162
10,T>C,772.467,1262.28,0.165367,0.156156,0.166041,0.175796,12162
11,T>G,36.3715,607.253,0.0161851,0.0110972,0.016221,0.0207549,12162
0,A>C,31.9956,884.711,0.00713277,0.00452319,0.00693017,0.00927358,12637
1,A>G,615.281,1120.7,0.108281,0.101759,0.108392,0.114786,12637
2,A>T,69.9873,740.146,0.0186497,0.0149182,0.0192456,0.0225602,12637
3,C>A,50.8443,401.089,0.0250018,0.0181706,0.0246218,0.0307587,12637
4,C>G,6.99971,324.197,0.00425835,0.00124001,0.00468993,0.00696231,12637
5,C>T,1275.62,876.295,0.287104,0.274445,0.287208,0.299019,12637
6,G>A,565.599,605.984,0.184085,0.1727,0.182687,0.194273,12637
7,G>C,11.9997,310.698,0.00761729,0.00389291,0.00758613,0.0103014,12637
8,G>T,18.9985,310.698,0.0120601,0.00784379,0.0118044,0.0165017,12637
9,T>A,71.9835,339.927,0.0417654,0.0341749,0.0418453,0.0489433,12637
10,T>C,1076.57,723.198,0.2936,0.283348,0.293576,0.304579,12637
11,T>G,14.998,283.212,0.0104446,0.0070018,0.0112159,0.0152143,12637
0,A>C,64.8617,351.707,0.00486781,0.00387197,0.00486173,0.00574509,138948
1,A>G,3395.73,467.033,0.191917,0.18758,0.192065,0.197034,138948
2,A>T,253.504,294.951,0.0226863,0.0201164,0.0228821,0.0248323,138948
3,C>A,148.67,336.154,0.0116738,0.00969662,0.0114738,0.0130094,138948
4,C>G,28.4067,273.28,0.00274372,0.00172287,0.00266224,0.00369368,138948
5,C>T,7105.74,649.232,0.288893,0.284103,0.288456,0.293347,138948
6,G>A,3062.7,410.558,0.196905,0.191363,0.197065,0.202088,138948
7,G>C,88.5355,191.293,0.0122164,0.0103505,0.0123748,0.0141897,138948
8,G>T,92.1422,191.293,0.0127141,0.0106778,0.0124631,0.0146141,138948
9,T>A,341.099,343.314,0.026225,0.0236696,0.0262656,0.0286328,138948
10,T>C,5654.21,666.351,0.223973,0.219951,0.223512,0.22921,138948
11,T>G,57.0974,290.631,0.00518563,0.00392357,0.00519195,0.0062762,138948
0,A>C,286.069,407.37,0.0151007,0.0133465,0.015083,0.0167025,138950
1,A>G,4267.09,550.412,0.166709,0.1626,0.166804,0.171894,138950
2,A>T,693.011,339.279,0.0439235,0.0407577,0.043733,0.0461197,138950
3,C>A,481.01,312.605,0.0330881,0.0309012,0.0332388,0.0355766,138950
4,C>G,107.031,252.611,0.00911113,0.00605897,0.00865449,0.0117186,138950
5,C>T,6628.0,640.713,0.22245,0.217129,0.222844,0.227327,138950
6,G>A,3562.33,382.481,0.200281,0.195736,0.200519,0.206006,138950
7,G>C,82.6825,176.294,0.0100853,0.00788742,0.00994942,0.0121301,138950
8,G>T,178.947,176.294,0.0218273,0.0190109,0.0217052,0.0244845,138950
9,T>A,819.24,293.105,0.0601039,0.0556497,0.0599676,0.0636221,138950
10,T>C,5768.56,620.946,0.199769,0.19511,0.200501,0.206713,138950
11,T>G,196.328,240.533,0.0175518,0.0143252,0.0178569,0.0210458,138950
0,A>C,45.3963,507.555,0.00383927,0.00303302,0.00375434,0.00482796,138951
1,A>G,2122.7,669.53,0.136092,0.131404,0.136422,0.139933,138951
2,A>T,175.158,428.652,0.0175403,0.01527,0.0174949,0.0199202,138951
3,C>A,50.5705,203.228,0.0106814,0.00839017,0.010824,0.0130625,138951
4,C>G,19.9743,167.596,0.00511587,0.0034561,0.00510549,0.00724721,138951
5,C>T,3567.52,466.584,0.328207,0.32115,0.328766,0.3362,138951
6,G>A,1817.67,272.622,0.286198,0.276304,0.285288,0.292901,138951
7,G>C,45.6636,108.712,0.0180303,0.0142798,0.0175445,0.0210583,138951
8,G>T,28.8105,108.712,0.0113759,0.00810693,0.0113594,0.0141295,138951
9,T>A,118.946,335.442,0.015221,0.013511,0.0151843,0.0171972,138951
10,T>C,2908.93,758.553,0.164611,0.160896,0.164878,0.169371,138951
11,T>G,19.9894,277.882,0.00308782,0.00181375,0.0030694,0.00401762,138951
0,A>C,56.4447,461.695,0.00809039,0.00658104,0.00807452,0.009528,162145
1,A>G,1162.13,716.617,0.107317,0.102588,0.107521,0.112837,162145
2,A>T,117.314,372.444,0.0208445,0.0178647,0.0209832,0.0235149,162145
3,C>A,71.0984,100.746,0.0467017,0.0362656,0.0465892,0.0536162,162145
4,C>G,3.34244,70.1005,0.00315532,0.0,0.00258131,0.00588701,162145
5,C>T,1378.44,316.818,0.287925,0.274729,0.287935,0.298024,162145
6,G>A,1142.94,216.333,0.349626,0.336744,0.351182,0.365303,162145
7,G>C,8.10749,69.7308,0.00769419,0.00191853,0.00755508,0.0120528,162145
8,G>T,20.3371,69.7308,0.0193004,0.0117376,0.0181473,0.0254006,162145
9,T>A,80.1752,263.949,0.0201011,0.0176156,0.0205903,0.0239556,162145
10,T>C,1359.08,758.136,0.118631,0.113256,0.118867,0.123956,162145
11,T>G,33.9957,211.96,0.0106138,0.00734411,0.0102223,0.0133158,162145
0,A>C,310.412,156.462,0.0170804,0.0159899,0.017122,0.0186456,1678143
1,A>G,3969.49,177.179,0.192882,0.189003,0.192888,0.197136,1678143
2,A>T,648.876,138.908,0.0402164,0.0378431,0.040569,0.0429537,1678143
3,C>A,534.348,356.066,0.01292,0.0121523,0.0129485,0.0139072,1678143
4,C>G,229.484,302.533,0.00653055,0.00566997,0.00641077,0.00742697,1678143
5,C>T,16747.7,530.329,0.271882,0.26803,0.27155,0.27552,1678143
6,G>A,4858.95,378.712,0.11046,0.108192,0.110196,0.112253,1678143
7,G>C,431.827,197.824,0.0187933,0.0174096,0.0189257,0.0204324,1678143
8,G>T,679.05,197.824,0.0295525,0.0275923,0.029657,0.0315408,1678143
9,T>A,954.394,341.375,0.0240695,0.0228978,0.0239904,0.0252222,1678143
10,T>C,17613.4,570.301,0.265895,0.261309,0.265839,0.269482,1678143
11,T>G,348.177,308.442,0.00971845,0.00862852,0.00972586,0.0105849,1678143
0,A>C,15.4423,476.465,0.00900969,0.00583284,0.00939624,0.0127946,1933178
1,A>G,314.929,683.532,0.12808,0.11598,0.127931,0.138228,1933178
2,A>T,26.4943,414.266,0.0177788,0.0137465,0.0177555,0.0223108,1933178
3,C>A,15.1185,151.463,0.027748,0.0178176,0.0280178,0.0382185,1933178
4,C>G,6.94232,99.7524,0.0193469,0.00681051,0.0195793,0.0313877,1933178
5,C>T,412.526,421.852,0.271845,0.253569,0.271536,0.291393,1933178
6,G>A,323.333,290.213,0.309716,0.283157,0.312203,0.331192,1933178
7,G>C,6.64717,94.8666,0.0194784,0.0094518,0.0193823,0.0348953,1933178
8,G>T,7.35785,94.8666,0.0215609,0.0108015,0.0212548,0.0352788,1933178
9,T>A,19.3675,296.418,0.0181634,0.0114982,0.0178702,0.0241784,1933178
10,T>C,411.731,803.429,0.142461,0.134459,0.142524,0.150521,1933178
11,T>G,12.1362,227.768,0.0148122,0.0098737,0.0142382,0.0205852,1933178
0,A>C,124.329,429.217,0.0161266,0.0141477,0.015936,0.0181609,198112
1,A>G,1406.02,728.979,0.10738,0.102094,0.107407,0.112253,198112
2,A>T,227.013,375.257,0.0336796,0.0293943,0.0337965,0.0374821,198112
3,C>A,48.1097,175.358,0.015274,0.011749,0.0149193,0.0189705,198112
4,C>G,23.6865,115.863,0.0113816,0.00680369,0.0107703,0.0146496,198112
5,C>T,2572.76,291.106,0.492033,0.480752,0.492587,0.505662,198112
6,G>A,1416.32,478.553,0.16477,0.156829,0.165122,0.172645,198112
7,G>C,30.232,206.013,0.00816994,0.00550398,0.00799527,0.0103491,198112
8,G>T,65.3536,206.013,0.0176613,0.0136628,0.0176957,0.0213599,198112
9,T>A,256.079,638.225,0.0223381,0.0200349,0.0219904,0.0246612,198112
10,T>C,2337.88,1404.92,0.0926443,0.0886764,0.0925657,0.0967813,198112
11,T>G,178.54,536.057,0.0185426,0.0166815,0.0186502,0.0209736,198112
0,A>C,25.9753,286.676,0.0170199,0.0121086,0.0170953,0.0207911,28295
1,A>G,199.598,410.396,0.0913565,0.0817524,0.091656,0.102157,28295
2,A>T,38.3012,254.212,0.028301,0.0224778,0.0282127,0.0343804,28295
3,C>A,56.9316,238.647,0.0448108,0.0331805,0.0458667,0.0562387,28295
4,C>G,5.0,209.506,0.00448289,0.00173236,0.00517102,0.00759223,28295
5,C>T,1062.9,558.922,0.357214,0.344187,0.358169,0.376935,28295
6,G>A,200.552,394.708,0.0954412,0.0835768,0.0956115,0.10552,28295
7,G>C,5.9997,115.939,0.00972041,0.0032591,0.00971974,0.0162751,28295
8,G>T,98.0808,115.939,0.158906,0.135613,0.158694,0.182722,28295
9,T>A,61.3241,640.43,0.0179864,0.0143496,0.0175106,0.0215696,28295
10,T>C,1060.37,1294.56,0.153859,0.14629,0.153849,0.165027,28295
11,T>G,64.1218,576.228,0.0209024,0.0164918,0.0205772,0.0254613,28295
0,A>C,23.2897,273.082,0.0196729,0.0114579,0.0194147,0.02646,28344
1,A>G,391.67,381.876,0.23659,0.218502,0.236691,0.253341,28344
2,A>T,30.932,217.478,0.0328087,0.0241365,0.0328175,0.0422218,28344
3,C>A,34.1084,518.887,0.015163,0.010908,0.0158258,0.0209627,28344
4,C>G,36.6954,442.216,0.0191414,0.00218556,0.0196885,0.0367269,28344
5,C>T,768.644,816.272,0.217214,0.20341,0.218371,0.230545,28344
6,G>A,356.326,554.01,0.148364,0.13545,0.149111,0.159063,28344
7,G>C,20.3083,295.541,0.0158509,0.00608669,0.0156607,0.0268317,28344
8,G>T,54.1092,295.541,0.0422328,0.032572,0.0414882,0.0509783,28344
9,T>A,51.6359,452.519,0.0263216,0.0211623,0.0263148,0.031476,28344
10,T>C,699.334,763.975,0.211156,0.196687,0.209751,0.222599,28344
11,T>G,27.8325,414.595,0.0154855,0.01051,0.0163715,0.0213842,28344
0,A>C,122.672,443.416,0.0193562,0.0162595,0.0192093,0.0215889,3052493
1,A>G,1231.65,700.38,0.123038,0.115354,0.123102,0.12942,3052493
2,A>T,279.286,366.073,0.0533787,0.0452932,0.0533558,0.0657579,3052493
3,C>A,88.7875,110.775,0.0560787,0.0473221,0.0559488,0.066082,3052493
4,C>G,5.58212,76.3912,0.0051126,0.00261738,0.00492929,0.00737019,3052493
5,C>T,905.905,234.958,0.269761,0.245616,0.268716,0.291694,3052493
6,G>A,1025.13,274.347,0.261435,0.250749,0.262569,0.271813,3052493
7,G>C,4.00183,70.9731,0.00394504,0.0,0.0043176,0.00747075,3052493
8,G>T,33.1704,70.9731,0.0326996,0.0258219,0.0325567,0.039975,3052493
9,T>A,281.299,360.902,0.0545337,0.0434085,0.0548311,0.0660852,3052493
10,T>C,1396.07,901.415,0.10836,0.0996079,0.108441,0.114852,3052493
11,T>G,51.944,295.433,0.0123016,0.00941033,0.0121028,0.0150374,3052493
0,A>C,32.9918,601.214,0.0135666,0.010057,0.0137771,0.0172385,3052763
1,A>G,514.703,778.7,0.163411,0.149406,0.164664,0.17468,3052763
2,A>T,124.011,468.772,0.0654025,0.0581645,0.0648166,0.0730977,3052763
3,C>A,56.9422,207.144,0.0679603,0.0541963,0.0694697,0.0803158,3052763
4,C>G,3.81752,153.883,0.00613316,0.0,0.00652096,0.012851,3052763
5,C>T,435.726,587.238,0.18344,0.170183,0.183822,0.196219,3052763
6,G>A,416.215,550.256,0.187003,0.175671,0.189009,0.200124,3052763
7,G>C,6.27215,153.807,0.0100817,0.0048451,0.0100999,0.0164815,3052763
8,G>T,46.518,153.807,0.0747721,0.0577361,0.0729951,0.0870382,3052763
9,T>A,102.193,413.194,0.0611449,0.0535254,0.0613119,0.0701082,3052763
10,T>C,572.165,985.631,0.143516,0.1343,0.143663,0.153616,3052763
11,T>G,33.2309,348.572,0.0235692,0.0177583,0.0238215,0.030265,3052763
0,A>C,132.364,210.581,0.0259578,0.0225813,0.0255573,0.030251,351073
1,A>G,1395.21,287.648,0.200307,0.194423,0.20024,0.206378,351073
2,A>T,67.0229,183.194,0.0151088,0.0123293,0.0153878,0.0180287,351073
3,C>A,134.782,106.049,0.0524861,0.0453433,0.052514,0.0583795,351073
4,C>G,16.0029,73.4935,0.00899229,0.00701321,0.00940487,0.0120366,351073
5,C>T,1537.24,226.759,0.27996,0.271394,0.280222,0.288968,351073
6,G>A,1060.41,245.709,0.178226,0.17142,0.177626,0.186163,351073
7,G>C,27.1511,126.983,0.00883003,0.00635777,0.00884278,0.011158,351073
8,G>T,96.6799,126.983,0.0314421,0.0252275,0.0308004,0.0357472,351073
9,T>A,85.2464,198.44,0.0177405,0.0142221,0.0180675,0.0208045,351073
10,T>C,1569.9,416.195,0.155774,0.150809,0.156695,0.162723,351073
11,T>G,101.842,167.06,0.0251753,0.0207461,0.0248137,0.0283643,351073
0,A>C,135.452,109.522,0.0441777,0.0362021,0.0441496,0.0504844,38170
1,A>G,947.461,161.893,0.209052,0.201085,0.209172,0.216445,38170
2,A>T,68.9001,99.1596,0.0248202,0.0205464,0.0241972,0.0286733,38170
3,C>A,139.401,189.78,0.0262383,0.0219708,0.0255044,0.0293871,38170
4,C>G,22.685,149.436,0.00542254,0.00358232,0.00546298,0.00709367,38170
5,C>T,2410.39,343.631,0.250562,0.241901,0.251264,0.261431,38170
6,G>A,1082.67,227.979,0.169638,0.163871,0.170463,0.177319,38170
7,G>C,30.9136,126.35,0.00873964,0.00687635,0.00846724,0.010675,38170
8,G>T,144.245,126.35,0.0407797,0.0367343,0.0406821,0.0445977,38170
9,T>A,100.327,307.71,0.0116465,0.0100958,0.0117883,0.013285,38170
10,T>C,2502.81,483.568,0.184881,0.179616,0.185408,0.190444,38170
11,T>G,188.345,279.824,0.024043,0.0209995,0.0241097,0.026268,38170
0,A>C,21.6024,249.561,0.0136652,0.00770786,0.0138982,0.020285,40054
1,A>G,424.827,389.933,0.171994,0.161507,0.171708,0.183399,40054
2,A>T,23.6209,214.592,0.0173769,0.012415,0.0177088,0.0235153,40054
3,C>A,6.76876,106.042,0.0100767,0.00473618,0.0103287,0.0151388,40054
4,C>G,1.46258,64.042,0.00360533,0.0,0.00447253,0.00793276,40054
5,C>T,392.13,207.303,0.298617,0.276665,0.300185,0.318187,40054
6,G>A,433.263,276.225,0.247616,0.231186,0.246196,0.264159,40054
7,G>C,3.55327,141.608,0.00396125,0.0,0.00426378,0.00753897,40054
8,G>T,15.414,141.608,0.0171838,0.0101585,0.0169186,0.0265148,40054
9,T>A,25.7186,149.866,0.0270915,0.0195033,0.0266465,0.0357401,40054
10,T>C,478.128,424.356,0.177871,0.166056,0.179448,0.190223,40054
11,T>G,7.98536,115.218,0.0109412,0.00514262,0.0111763,0.0173135,40054
0,A>C,1231.85,300.199,0.0595759,0.0568237,0.0593731,0.0625555,54290
1,A>G,4677.46,337.024,0.201497,0.197588,0.202038,0.20552,54290
2,A>T,1708.5,249.24,0.0995217,0.0953657,0.099224,0.104012,54290
3,C>A,1158.33,628.83,0.0267436,0.0253104,0.0268047,0.0281395,54290
4,C>G,954.838,512.861,0.0270302,0.0251369,0.0270852,0.02887,54290
5,C>T,9674.04,1003.04,0.140027,0.13666,0.139712,0.142707,54290
6,G>A,4440.2,857.77,0.075154,0.0731551,0.0750462,0.077091,54290
7,G>C,1065.48,554.765,0.027884,0.026215,0.027937,0.0296256,54290
8,G>T,1573.84,554.765,0.041188,0.0388946,0.0414902,0.0431657,54290
9,T>A,1285.45,312.748,0.0596732,0.0567498,0.0595966,0.0624911,54290
10,T>C,7240.27,587.841,0.178819,0.174194,0.178434,0.184026,54290
11,T>G,1240.33,286.355,0.0628859,0.0599601,0.0627396,0.0657819,54290
0,A>C,28.8683,415.723,0.0359271,0.028341,0.0348065,0.0460334,57482
1,A>G,173.556,455.185,0.197268,0.173597,0.195492,0.21801,57482
2,A>T,8.97817,309.703,0.0149984,0.00743158,0.0144964,0.020835,57482
3,C>A,27.9158,302.836,0.0476921,0.0321224,0.0479206,0.0606146,57482
4,C>G,0.99981,228.437,0.00226441,0.0,0.0019408,0.00490022,57482
5,C>T,236.687,608.146,0.201359,0.181057,0.202044,0.220995,57482
6,G>A,196.554,486.504,0.209025,0.19033,0.210133,0.230893,57482
7,G>C,1.0,188.611,0.00274307,0.0,0.0,0.00603794,57482
8,G>T,24.9911,188.611,0.0685522,0.0504182,0.0695042,0.085917,57482
9,T>A,6.99731,249.753,0.0144952,0.00434499,0.0130928,0.0232799,57482
10,T>C,224.621,631.477,0.184034,0.16562,0.184182,0.205567,57482
11,T>G,8.99854,215.117,0.0216422,0.010011,0.0204986,0.0324197,57482
0,A>C,35.6338,132.462,0.0212829,0.0120303,0.0214931,0.0290521,693997
1,A>G,205.628,181.693,0.0895374,0.0793192,0.0893989,0.101004,693997
2,A>T,75.3335,121.821,0.0489244,0.04182,0.0493343,0.0578885,693997
3,C>A,40.2484,49.9796,0.0637113,0.0486636,0.0646285,0.0796034,693997
4,C>G,1.67064,44.6109,0.00296279,0.0,0.0,0.00484782,693997
5,C>T,533.901,136.481,0.309491,0.28707,0.310548,0.329428,693997
6,G>A,161.387,68.7575,0.185698,0.168073,0.18596,0.208643,693997
7,G>C,6.54031,33.3031,0.0155372,0.00843616,0.0156354,0.0226868,693997
8,G>T,54.0967,33.3031,0.128513,0.107939,0.127229,0.149104,693997
9,T>A,60.7359,200.69,0.0239431,0.0179738,0.0229785,0.0291969,693997
10,T>C,480.778,410.355,0.0926927,0.0841501,0.0922966,0.103074,693997
11,T>G,39.7755,177.722,0.0177066,0.0138695,0.0178101,0.0214382,693997
0,A>C,478.852,404.586,0.0193123,0.0180451,0.0193096,0.0208509,694014
1,A>G,3610.16,590.247,0.0998014,0.0969752,0.100094,0.103281,694014
2,A>T,1581.78,354.468,0.0728134,0.0700258,0.0731761,0.0761987,694014
3,C>A,458.238,142.845,0.0523441,0.048383,0.0524766,0.0556873,694014
4,C>G,60.9334,125.778,0.00790489,0.00634816,0.00787878,0.00949081,694014
5,C>T,7345.02,398.102,0.301053,0.294096,0.300899,0.305981,694014
6,G>A,3213.66,333.357,0.157302,0.153127,0.157528,0.160878,694014
7,G>C,85.8625,105.995,0.0132179,0.0111843,0.0133672,0.0153679,694014
8,G>T,814.528,105.995,0.12539,0.117377,0.125354,0.131609,694014
9,T>A,1581.52,606.037,0.0425814,0.0409228,0.0427923,0.044944,694014
10,T>C,6822.84,1316.99,0.0845333,0.0826893,0.0845127,0.0865819,694014
11,T>G,797.402,547.935,0.0237461,0.0224792,0.0237405,0.0248559,694014
0,A>C,31.22,215.394,0.0188175,0.0140523,0.0187511,0.0234175,77763
1,A>G,351.926,303.38,0.150601,0.141964,0.153192,0.161898,77763
2,A>T,44.9994,182.856,0.0319493,0.0205601,0.0321661,0.0452373,77763
3,C>A,35.2458,77.4903,0.0590504,0.0444047,0.0569175,0.0682914,77763
4,C>G,1.80085,51.2955,0.00455787,0.0,0.00415432,0.00846599,77763
5,C>T,392.407,202.09,0.25209,0.23961,0.253466,0.267865,77763
6,G>A,320.068,195.329,0.212735,0.196856,0.214058,0.224541,77763
7,G>C,2.13421,72.8211,0.00380489,0.0,0.0033945,0.0075537,77763
8,G>T,50.0688,72.8211,0.0892633,0.0664867,0.0861016,0.114044,77763
9,T>A,49.024,198.874,0.0320032,0.0253251,0.0321111,0.0401969,77763
10,T>C,478.023,482.098,0.128729,0.111404,0.130994,0.142362,77763
11,T>G,21.6609,171.492,0.0163982,0.010873,0.0162319,0.0203599,77763
