,nucl,freq,taxid
0,A,0.22035855881669222,10990
1,C,0.15209527284647334,10990
2,G,0.08742868290567246,10990
3,T,0.540117485431162,10990
4,A,0.27612324824237855,11082
5,C,0.18804436924047394,11082
6,G,0.24903137777939305,11082
7,T,0.2868010047377545,11082
8,A,0.4437713571701649,11320_1
9,C,0.13200064442589918,11320_1
10,G,0.16572392825510154,11320_1
11,T,0.2585040701488345,11320_1
12,A,0.4864418074519409,11320_2
13,C,0.15856980915333097,11320_2
14,G,0.16326280981884558,11320_2
15,T,0.1917255735758826,11320_2
16,A,0.3703289250354378,1133363
17,C,0.20152169086777286,1133363
18,G,0.08214461069770597,1133363
19,T,0.3460047733990834,1133363
20,A,0.2349027974363407,1157337
21,C,0.29477612889978144,1157337
22,G,0.16791792041325593,1157337
23,T,0.30240315325062184,1157337
24,A,0.4284846659117354,118655
25,C,0.12323905155184066,118655
26,G,0.18516634963936004,118655
27,T,0.2631099328970638,118655
28,A,0.2557128439678427,11983
29,C,0.26698553180942286,11983
30,G,0.18848449316528443,11983
31,T,0.28881713105744994,11983
32,A,0.18115827098555046,12110
33,C,0.3379874283393125,12110
34,G,0.2686566653656821,12110
35,T,0.2121976353094549,12110
36,A,0.16891311013390858,12162
37,C,0.22440760162604614,12162
38,G,0.2728750765763958,12162
39,T,0.3338042116636493,12162
40,A,0.4047788561398054,12637
41,C,0.18418982223304764,12637
42,G,0.22831776774906945,12637
43,T,0.18271355387807756,12637
44,A,0.2502784905757673,138948
45,C,0.22991413866727733,138948
46,G,0.22623024470185693,138948
47,T,0.29357712605509845,138948
48,A,0.3142806284754715,138950
49,C,0.20261013885703916,138950
50,G,0.25113116492594106,138950
51,T,0.23197806774154836,138950
52,A,0.29027295314667295,138951
53,C,0.19383013028860632,138951
54,G,0.13206616627922935,138951
55,T,0.3838307502854914,138951
56,A,0.42738111865012324,162145
57,C,0.12438942955352951,162145
58,G,0.13174234272041332,162145
59,T,0.31648710907593397,162145
60,A,0.13795594984784967,1678143
61,C,0.32624784354276987,1678143
62,G,0.2014363275156193,1678143
63,T,0.3343598790937612,1678143
64,A,0.3870006294573259,1933178
65,C,0.1535568473028521,1933178
66,G,0.1623318378485799,1933178
67,T,0.29711068539124214,1933178
68,A,0.2850146139793215,198112
69,C,0.08730402341542562,198112
70,G,0.20673510229251163,198112
71,T,0.42094626031274124,198112
72,A,0.20681720091399622,28295
73,C,0.19493423970777057,28295
74,G,0.11324979444921453,28295
75,T,0.48499876492901883,28295
76,A,0.1662417634541057,28344
77,C,0.28622399659499603,28344
78,G,0.24011147632165894,28344
79,T,0.30742276362923926,28344
80,A,0.3529424562424113,3052493
81,C,0.13655572590430662,3052493
82,G,0.16239215326904452,3052493
83,T,0.3481096645842376,3052493
84,A,0.29131676380332955,3052763
85,C,0.19486014704931295,3052763
86,G,0.206176407296835,3052763
87,T,0.3076466818505224,3052763
88,A,0.26555563544154853,351073
89,C,0.1601658747846246,351073
90,G,0.28353745390361323,351073
91,T,0.2907410358702137,351073
92,A,0.16481721880237973,38170
93,C,0.26937314521841504,38170
94,G,0.20361738374952826,38170
95,T,0.36219225222967694,38170
96,A,0.305122078911014,40054
97,C,0.18618108042360315,40054
98,G,0.2099238205913348,40054
99,T,0.29877302007404805,40054
100,A,0.13093142715688044,54290
101,C,0.30059090046670656,54290
102,G,0.33922025722771565,54290
103,T,0.22925741514869744,54290
104,A,0.2272345975224752,57482
105,C,0.2676927651601997,57482
106,G,0.18665618873023856,57482
107,T,0.3184164485870864,57482
108,A,0.2458694480108844,693997
109,C,0.14451000165904623,693997
110,G,0.095658402585371,693997
111,T,0.5139621477446984,693997
112,A,0.24923701235563114,694014
113,C,0.1328303256560567,694014
114,G,0.1270043504978015,694014
115,T,0.4909283114905107,694014
116,A,0.2830732408415128,77763
117,C,0.17399389898843967,77763
118,G,0.16240549534561463,77763
119,T,0.38052736482443295,77763
