clade,branches,sites_sample,sample_cutoff,r2,mape,wape,slope,intercept,spearman_corr,spearman_p,pearson_corr,pearson_p,ks_stat,ks_p,rmse,log_likelihood,mut_count
20A,all,total,10,0.554192,1.40381,0.581897,0.690693,0.00206205,0.789971,2.99251e-33,0.759419,2.01455e-29,0.12,0.230782,0.00826523,-5.36878,65022
20A,terminal,total,10,0.555854,1.50038,0.57749,0.703542,0.00197638,0.792167,1.50126e-33,0.762547,8.6877e-30,0.113333,0.291074,0.0081325,-5.38824,38086
20A,non-terminal,total,10,0.54959,2.28411,0.59466,0.670791,0.00219473,0.779495,7.19934e-32,0.753749,8.95795e-29,0.126667,0.180395,0.0084904,-5.3413,26936
20A,all,most variable,10,0.351581,4.17617,0.75806,0.606556,0.00262296,0.661023,3.40881e-20,0.653484,1.25352e-19,0.28,1.38833e-05,0.00976737,-5.47955,33237
20A,all,least variable,10,-1.45622,1.44878,1.03445,0.4924,0.003384,0.527477,4.05563e-12,0.315161,8.55784e-05,0.24,0.000334734,0.0112936,-6.36007,1209
20A,all,random,10,0.590191,1.54956,0.596855,0.668183,0.00221212,0.7247,1.03714e-25,0.773526,4.08311e-31,0.153333,0.058682,0.00834364,-5.32512,6651
20A,all,most variable,20,0.499957,3.22389,0.657572,0.69535,0.002031,0.73703,5.8208e-27,0.736762,6.20718e-27,0.206667,0.00322073,0.00843553,-5.37479,41233
20A,all,least variable,20,-1.67263,1.48438,1.04947,0.486047,0.00342635,0.518266,1.10018e-11,0.298874,0.000203114,0.273333,2.44551e-05,0.0113179,-6.39734,2419
20A,all,random,20,0.581264,1.20888,0.586612,0.69869,0.00200874,0.785884,1.05713e-32,0.773408,4.22362e-31,0.12,0.230782,0.00806453,-5.37286,12918
20A,all,most variable,30,0.525013,2.04103,0.625142,0.720627,0.00186249,0.744332,9.78613e-28,0.752845,1.13216e-28,0.153333,0.058682,0.00810626,-5.39002,46466
20A,all,least variable,30,-1.64976,1.83682,1.05238,0.551854,0.00298764,0.533373,2.10735e-12,0.332571,3.20969e-05,0.253333,0.000122655,0.0110446,-6.39123,3629
20A,all,random,30,0.673388,1.00747,0.505679,0.817834,0.00121444,0.791845,1.66158e-33,0.833709,5.30371e-40,0.12,0.230782,0.00655919,-5.38799,19655
20B,all,total,10,0.533618,1.64761,0.593804,0.702346,0.00198436,0.771259,7.78442e-31,0.75253,1.22832e-28,0.126667,0.180395,0.00840517,-5.38466,54119
20B,terminal,total,10,0.546596,1.39536,0.579908,0.713449,0.00191034,0.787431,6.57809e-33,0.760409,1.54603e-29,0.133333,0.139062,0.00824385,-5.38212,31752
20B,non-terminal,total,10,0.512645,2.23583,0.61727,0.682948,0.00211368,0.74961,2.59631e-28,0.739349,3.32594e-27,0.106667,0.361727,0.00868135,-5.38826,22367
20B,all,most variable,10,0.231144,4.82098,0.804544,0.570747,0.00286169,0.626966,9.24362e-18,0.59819,6.31252e-16,0.3,2.32924e-06,0.0105565,-5.59384,26529
20B,all,least variable,10,-1.49919,1.32591,1.03668,0.527817,0.00314789,0.595629,9.0087e-16,0.33022,3.67703e-05,0.233333,0.000541396,0.0113611,-6.34871,1122
20B,all,random,10,0.478585,1.27503,0.621592,0.681392,0.00212405,0.72957,3.38797e-26,0.72464,1.05137e-25,0.153333,0.058682,0.00882104,-5.49445,5439
20B,all,most variable,20,0.398727,2.44645,0.703333,0.662692,0.00224872,0.67886,1.34094e-21,0.688418,2.15241e-22,0.18,0.0153443,0.00925293,-5.43943,35366
20B,all,least variable,20,-1.92395,1.47149,1.05963,0.565877,0.00289415,0.59196,1.49118e-15,0.323718,5.32448e-05,0.3,2.32924e-06,0.0112365,-6.42793,2244
20B,all,random,20,0.592099,1.02231,0.59333,0.734118,0.00177255,0.738123,4.47383e-27,0.784296,1.7135e-32,0.0933333,0.532187,0.00783781,-5.37956,10428
20B,all,most variable,30,0.470842,2.71813,0.660222,0.73478,0.00176813,0.712715,1.47322e-24,0.735252,8.90643e-27,0.126667,0.180395,0.00836131,-5.43239,40081
20B,all,least variable,30,-1.88368,1.5019,1.04897,0.562042,0.00291972,0.58042,6.98686e-15,0.324076,5.21812e-05,0.26,7.26842e-05,0.0112475,-6.41443,3366
20B,all,random,30,0.597899,1.74407,0.567377,0.778997,0.00147336,0.775194,2.52758e-31,0.795021,6.0486e-34,0.126667,0.180395,0.00743385,-5.37564,15901
20C,all,total,10,0.569423,1.89596,0.569932,0.698222,0.00201185,0.780488,5.36649e-32,0.767778,2.06729e-30,0.133333,0.139062,0.00803225,-5.37926,54374
20C,terminal,total,10,0.571341,1.40961,0.56462,0.712616,0.00191589,0.789348,3.63358e-33,0.771177,7.96692e-31,0.12,0.230782,0.00788724,-5.39288,32373
20C,non-terminal,total,10,0.564782,1.51987,0.570074,0.676199,0.00215867,0.758886,2.32209e-29,0.761934,1.02548e-29,0.133333,0.139062,0.00827497,-5.35922,22001
20C,all,most variable,10,0.289047,3.64879,0.765773,0.566211,0.00289192,0.687442,2.60317e-22,0.61655,4.48302e-17,0.28,1.38833e-05,0.0102207,-5.54525,26053
20C,all,least variable,10,-1.40305,1.34614,1.00273,0.493032,0.00337979,0.493737,1.36182e-10,0.318975,6.93865e-05,0.22,0.00135788,0.0111644,-6.35545,1110
20C,all,random,10,0.520487,1.47284,0.643359,0.61712,0.00255253,0.721139,2.31467e-25,0.730459,2.75537e-26,0.16,0.0428317,0.00912424,-5.38836,5060
20C,all,most variable,20,0.398128,2.81745,0.7119,0.684274,0.00210484,0.707706,4.29178e-24,0.694625,6.31576e-23,0.206667,0.00322073,0.00876683,-5.52964,35358
20C,all,least variable,20,-1.66075,1.91328,1.02749,0.555749,0.00296167,0.533144,2.16226e-12,0.333782,2.99125e-05,0.253333,0.000122655,0.0109058,-6.37927,2220
20C,all,random,20,0.601061,1.83682,0.563551,0.73982,0.00173454,0.748404,3.52608e-28,0.789288,3.70178e-33,0.14,0.105738,0.00750125,-5.38662,10591
20C,all,most variable,30,0.467951,3.1477,0.658581,0.716755,0.0018883,0.747545,4.38034e-28,0.729426,3.50346e-26,0.153333,0.058682,0.00826337,-5.46963,39487
20C,all,least variable,30,-1.65269,1.77211,1.02615,0.554042,0.00297305,0.536971,1.40453e-12,0.333447,3.05018e-05,0.22,0.00135788,0.0109118,-6.37844,3330
20C,all,random,30,0.59694,1.25825,0.558954,0.776774,0.00148818,0.768104,1.88755e-30,0.794196,7.87871e-34,0.126667,0.180395,0.00722585,-5.42605,15873
20E,all,total,10,0.654873,1.85341,0.545626,0.710385,0.00193076,0.772069,6.18762e-31,0.811724,2.18154e-36,0.0933333,0.532187,0.00777955,-5.2541,36788
20E,terminal,total,10,0.651047,1.60479,0.542529,0.721771,0.00185486,0.766702,2.7854e-30,0.810777,3.04668e-36,0.0933333,0.532187,0.00769016,-5.28355,22029
20E,non-terminal,total,10,0.656474,2.49417,0.554731,0.690723,0.00206185,0.764605,4.96033e-30,0.811229,2.59832e-36,0.14,0.105738,0.00797755,-5.20975,14759
20E,all,most variable,10,0.499616,3.86946,0.674504,0.60903,0.00260646,0.651892,1.64265e-19,0.718526,4.13961e-25,0.433333,4.99553e-13,0.00967175,-5.22679,16957
20E,all,least variable,10,-1.60565,1.30663,1.03298,0.558268,0.00294488,0.557338,1.28662e-13,0.338364,2.28522e-05,0.233333,0.000541396,0.0113383,-6.32414,985
20E,all,random,10,0.674101,1.29707,0.551535,0.794424,0.00137051,0.680944,9.05218e-22,0.830619,1.83502e-39,0.133333,0.139062,0.00691738,-5.41001,3355
20E,all,most variable,20,0.558932,5.03402,0.661966,0.680636,0.00212909,0.685853,3.54102e-22,0.759864,1.78882e-29,0.333333,8.87002e-08,0.00859258,-5.24191,23245
20E,all,least variable,20,-1.49623,1.39842,1.02048,0.600249,0.002665,0.61018,1.14428e-16,0.365521,4.2365e-06,0.193333,0.00722668,0.01115,-6.27369,1971
20E,all,random,20,0.648581,1.65315,0.572348,0.716653,0.00188898,0.750949,1.84427e-28,0.809003,5.66312e-36,0.126667,0.180395,0.0077554,-5.28148,7548
20E,all,most variable,30,0.587752,3.64202,0.629325,0.713981,0.0019068,0.72361,1.32766e-25,0.77892,8.53092e-32,0.213333,0.00210586,0.00811775,-5.26736,23849
20E,all,least variable,30,-1.59784,1.57747,1.01357,0.66813,0.00221247,0.614386,6.17737e-17,0.390053,8.05432e-07,0.226667,0.000863433,0.0109048,-6.27612,2957
20E,all,random,30,0.675461,1.34355,0.545689,0.765234,0.00156511,0.779513,7.16178e-32,0.827579,6.07351e-39,0.106667,0.361727,0.00714001,-5.29378,10970
20G,all,total,10,0.610713,4.80744,0.577248,0.703622,0.00197585,0.774023,3.54088e-31,0.788385,4.90016e-33,0.106667,0.361727,0.00815808,-5.3127,50615
20G,terminal,total,10,0.61041,3.34267,0.571994,0.708093,0.00194605,0.771934,6.42992e-31,0.78883,4.26884e-33,0.113333,0.291074,0.00811431,-5.32323,30114
20G,non-terminal,total,10,0.60869,1.31968,0.5821,0.694454,0.00203697,0.762355,9.1503e-30,0.786204,9.58515e-33,0.0933333,0.532187,0.00826432,-5.29728,20501
20G,all,most variable,10,0.412521,3.2258,0.718985,0.612219,0.00258521,0.680482,9.87943e-22,0.67944,1.20251e-21,0.326667,1.75644e-07,0.00992648,-5.38247,24736
20G,all,least variable,10,-1.56057,1.58972,1.06216,0.475618,0.00349588,0.499426,7.73386e-11,0.3001,0.00019066,0.22,0.00135788,0.0117823,-6.41425,1084
20G,all,random,10,0.577941,1.38238,0.597759,0.691075,0.0020595,0.728685,4.15947e-26,0.770621,9.32319e-31,0.126667,0.180395,0.0084539,-5.38665,5165
20G,all,most variable,20,0.523155,2.78336,0.655416,0.697897,0.00201402,0.701535,1.55407e-23,0.747092,4.90962e-28,0.173333,0.0219027,0.00862633,-5.32978,29611
20G,all,least variable,20,-1.71454,1.73295,1.04784,0.588601,0.00274266,0.555402,1.62618e-13,0.346132,1.43359e-05,0.22,0.00135788,0.0113064,-6.38314,2169
20G,all,random,20,0.672716,1.9052,0.525242,0.7995,0.00133667,0.743178,1.30238e-27,0.830704,1.77387e-39,0.113333,0.291074,0.00693658,-5.36576,10566
20G,all,most variable,30,0.556116,2.16379,0.628694,0.71591,0.00189393,0.716983,5.81645e-25,0.765032,4.41245e-30,0.126667,0.180395,0.00830827,-5.32934,37736
20G,all,least variable,30,-1.72544,1.72342,1.03755,0.580205,0.00279864,0.545692,5.14715e-13,0.341542,1.89116e-05,0.246667,0.000204062,0.0113406,-6.39865,3253
20G,all,random,30,0.665099,1.99244,0.553426,0.782092,0.00145272,0.749825,2.45807e-28,0.824817,1.76625e-38,0.14,0.105738,0.00712217,-5.34594,15492
20I,all,total,10,0.627793,2.64093,0.556351,0.698245,0.0020117,0.756934,3.89358e-29,0.796398,3.88071e-34,0.0866667,0.627917,0.00789275,-5.30293,209841
20I,terminal,total,10,0.627869,2.09574,0.549669,0.708575,0.00194284,0.761154,1.26536e-29,0.797572,2.65114e-34,0.0866667,0.627917,0.00778836,-5.31531,121885
20I,non-terminal,total,10,0.6267,2.03848,0.566882,0.683655,0.00210896,0.750205,2.2306e-28,0.794406,7.36733e-34,0.12,0.230782,0.00805281,-5.28572,87956
20I,all,most variable,10,0.443404,15.0179,0.734498,0.62609,0.00249273,0.656278,7.77048e-20,0.696182,4.62068e-23,0.333333,8.87002e-08,0.00940956,-5.38488,123806
20I,all,least variable,10,-1.4761,1.7157,1.02389,0.423839,0.00384107,0.465234,1.99397e-09,0.278038,0.00057116,0.226667,0.000863433,0.0117085,-6.41198,1663
20I,all,random,10,0.67787,1.75239,0.569155,0.628794,0.00247471,0.707283,4.69203e-24,0.825848,1.18846e-38,0.153333,0.058682,0.00845514,-5.1769,21891
20I,all,most variable,20,0.544663,5.02572,0.664338,0.688953,0.00207365,0.689164,1.86046e-22,0.754751,6.90195e-29,0.206667,0.00322073,0.00838483,-5.33076,150213
20I,all,least variable,20,-1.39105,1.86633,1.05533,0.419954,0.00386697,0.44777,9.17935e-09,0.281162,0.000491607,0.213333,0.00210586,0.0117425,-6.41623,3326
20I,all,random,20,0.737988,2.06308,0.476996,0.726707,0.00182195,0.779485,7.22229e-32,0.859166,6.52995e-45,0.14,0.105738,0.00686423,-5.1706,41924
20I,all,most variable,30,0.590494,2.28575,0.615395,0.698345,0.00201103,0.716432,6.56422e-25,0.777767,1.19645e-31,0.16,0.0428317,0.00808395,-5.30815,161979
20I,all,least variable,30,-1.45369,2.07687,1.05471,0.451864,0.00365424,0.483677,3.61258e-10,0.294299,0.000256619,0.2,0.00485793,0.0115719,-6.37405,6929
20I,all,random,30,0.719462,2.10665,0.543207,0.682963,0.00211358,0.774119,3.44475e-31,0.849425,6.31412e-43,0.12,0.230782,0.00747201,-5.16019,63846
20J,all,total,10,0.52704,1.75799,0.615138,0.671386,0.00219076,0.755238,6.07757e-29,0.743359,1.24547e-27,0.106667,0.361727,0.00877002,-5.34832,16493
20J,terminal,total,10,0.524395,1.49689,0.619037,0.669778,0.00220148,0.753361,9.90655e-29,0.741838,1.8115e-27,0.0866667,0.627917,0.00879759,-5.3588,10391
20J,non-terminal,total,10,0.52537,1.57232,0.600493,0.666289,0.00222474,0.751751,1.50132e-28,0.7416,1.92025e-27,0.126667,0.180395,0.00883175,-5.33047,6102
20J,all,most variable,10,0.329164,2.97205,0.745138,0.569294,0.00287138,0.636067,2.21464e-18,0.632774,3.73424e-18,0.4,4.15239e-11,0.0104853,-5.4524,6335
20J,all,least variable,10,-1.02737,1.1121,0.915759,0.563847,0.00290769,0.536035,1.56156e-12,0.384088,1.22111e-06,0.26,7.26842e-05,0.0111712,-6.30242,599
20J,all,random,10,0.41738,1.26773,0.675419,0.649361,0.00233759,0.67589,2.33459e-21,0.691694,1.13118e-22,0.213333,0.00210586,0.00936445,-5.45358,1636
20J,all,most variable,20,0.383714,2.21038,0.717725,0.644315,0.00237124,0.703903,9.52039e-24,0.67732,1.78907e-21,0.206667,0.00322073,0.00950493,-5.42733,7886
20J,all,least variable,20,-0.918929,1.37735,0.906529,0.740195,0.00173203,0.604558,2.57127e-16,0.477862,6.25911e-10,0.22,0.00135788,0.0103002,-6.20677,1199
20J,all,random,20,0.422912,1.53297,0.676405,0.683214,0.00211191,0.710388,2.42789e-24,0.703367,1.06422e-23,0.106667,0.361727,0.00900759,-5.48236,3069
20J,all,most variable,30,0.367238,1.99646,0.69712,0.686616,0.00208922,0.708248,3.82663e-24,0.684568,4.53576e-22,0.14,0.105738,0.00913449,-5.48563,8442
20J,all,least variable,30,-0.926109,1.34504,0.903478,0.82573,0.0011618,0.62226,1.90032e-17,0.514319,1.67182e-11,0.246667,0.000204062,0.00995628,-6.21305,1799
20J,all,random,30,0.479765,1.57947,0.640246,0.780014,0.00146657,0.713111,1.35252e-24,0.750477,2.08081e-28,0.126667,0.180395,0.00799276,-5.46328,4800
21C,all,total,10,0.625074,1.7518,0.558171,0.716919,0.00188721,0.768458,1.71042e-30,0.797185,3.00677e-34,0.113333,0.291074,0.00790003,-5.29999,22846
21C,terminal,total,10,0.630286,1.71112,0.560005,0.72938,0.00180414,0.774076,3.48724e-31,0.801336,7.68306e-35,0.113333,0.291074,0.00775106,-5.31071,13525
21C,non-terminal,total,10,0.61142,1.9731,0.561098,0.692447,0.00205035,0.753303,1.00566e-28,0.787342,6.75978e-33,0.14,0.105738,0.00822403,-5.28438,9321
21C,all,most variable,10,0.387602,3.33422,0.706335,0.591406,0.00272396,0.628928,6.81975e-18,0.663201,2.32378e-20,0.46,1.08482e-14,0.0101822,-5.35722,9441
21C,all,least variable,10,-1.06369,0.953978,0.920852,0.6279,0.00248066,0.579194,8.20281e-15,0.412282,1.5864e-07,0.24,0.000334734,0.0109444,-6.21622,749
21C,all,random,10,0.619271,1.2198,0.551018,0.711856,0.00192096,0.718827,3.87274e-25,0.793679,9.29099e-34,0.186667,0.0106031,0.00798231,-5.30638,2382
21C,all,most variable,20,0.488806,3.07142,0.672141,0.707987,0.00194676,0.643005,7.21257e-19,0.735268,8.87081e-27,0.286667,7.76892e-06,0.00861551,-5.39103,12925
21C,all,least variable,20,-1.07478,1.05238,0.910878,0.753568,0.00164288,0.580368,7.03451e-15,0.468977,1.42127e-09,0.233333,0.000541396,0.0104012,-6.21831,1499
21C,all,random,20,0.559967,1.25384,0.617049,0.781056,0.00145963,0.748194,3.71796e-28,0.78022,5.81073e-32,0.126667,0.180395,0.00768855,-5.43071,4523
21C,all,most variable,30,0.522487,2.63611,0.64937,0.71019,0.00193207,0.70649,5.54501e-24,0.749484,2.6807e-28,0.186667,0.0106031,0.0084615,-5.33798,15629
21C,all,least variable,30,-1.03934,1.44002,0.927441,0.772506,0.00151663,0.642497,7.83826e-19,0.480536,4.86731e-10,0.22,0.00135788,0.0103071,-6.17222,2248
21C,all,random,30,0.558456,1.67057,0.578119,0.77817,0.00147887,0.741913,1.77849e-27,0.778995,8.34465e-32,0.12,0.230782,0.00771817,-5.42024,6801
21I,all,total,10,0.551321,1.84837,0.576051,0.689693,0.00206871,0.779401,7.40235e-32,0.75792,3.00043e-29,0.133333,0.139062,0.0078071,-5.39542,82824
21I,terminal,total,10,0.553135,1.54715,0.571707,0.699377,0.00200416,0.778588,9.40564e-32,0.760544,1.49106e-29,0.12,0.230782,0.00771001,-5.4092,50458
21I,non-terminal,total,10,0.547226,4.09283,0.589349,0.673662,0.00217559,0.776332,1.81808e-31,0.753131,1.0516e-28,0.16,0.0428317,0.00797854,-5.37399,32366
21I,all,most variable,10,0.353631,9.27462,0.768851,0.538806,0.00307463,0.678831,1.34821e-21,0.633241,3.46898e-18,0.353333,1.0441e-08,0.0100215,-5.40145,41860
21I,all,least variable,10,-1.43375,1.71695,1.02,0.359107,0.00427262,0.47858,5.85169e-10,0.244797,0.00253501,0.2,0.00485793,0.0112791,-6.40442,1307
21I,all,random,10,0.506773,1.3101,0.567214,0.677907,0.00214729,0.74513,8.02349e-28,0.735708,7.98714e-27,0.133333,0.139062,0.00808376,-5.42135,8193
21I,all,most variable,20,0.441122,2.70675,0.690106,0.625046,0.00249969,0.702741,1.21155e-23,0.694938,5.93231e-23,0.22,0.00135788,0.00881549,-5.38301,54130
21I,all,least variable,20,-1.40722,1.85808,1.03581,0.416335,0.0038911,0.53528,1.70064e-12,0.278182,0.00056724,0.213333,0.00210586,0.0109951,-6.35698,2614
21I,all,random,20,0.638623,1.53951,0.505896,0.759058,0.00160628,0.773845,3.72665e-31,0.809392,4.94662e-36,0.126667,0.180395,0.00679858,-5.36189,17305
21I,all,most variable,30,0.489531,2.63144,0.647655,0.673215,0.00217857,0.723688,1.3044e-25,0.727259,5.77919e-26,0.186667,0.0106031,0.00818605,-5.39346,60030
21I,all,least variable,30,-1.3887,2.07701,1.03457,0.435695,0.00376203,0.519552,9.58791e-12,0.289814,0.000321523,0.206667,0.00322073,0.0109037,-6.35168,3921
21I,all,random,30,0.608589,1.75975,0.543187,0.79769,0.00134873,0.789527,3.43708e-33,0.803011,4.38848e-35,0.146667,0.0793098,0.00667972,-5.42142,23409
21J,all,total,10,0.565865,1.57567,0.5661,0.695787,0.00202809,0.776735,1.61696e-31,0.765707,3.66548e-30,0.0866667,0.627917,0.00764666,-5.40105,995877
21J,terminal,total,10,0.566575,1.53609,0.561872,0.707449,0.00195034,0.77447,3.11426e-31,0.768094,1.89293e-30,0.0733333,0.816483,0.00753789,-5.41931,600462
21J,non-terminal,total,10,0.563335,1.85331,0.573206,0.677414,0.00215057,0.780698,5.04154e-32,0.761431,1.17454e-29,0.1,0.442524,0.00783292,-5.37338,395415
21J,all,most variable,10,0.46226,7.94234,0.701951,0.58743,0.00275047,0.680901,9.12726e-22,0.695878,4.912e-23,0.253333,0.000122655,0.00916087,-5.31425,582087
21J,all,least variable,10,-1.05851,2.23172,1.03472,0.423553,0.00384298,0.384507,1.18623e-06,0.306824,0.000134044,0.2,0.00485793,0.0109605,-6.42628,2930
21J,all,random,10,0.565339,2.42153,0.627841,0.627949,0.00248034,0.738064,4.53808e-27,0.755656,5.44869e-29,0.12,0.230782,0.00836658,-5.35894,94262
21J,all,most variable,20,0.507349,2.88922,0.646879,0.664056,0.00223963,0.72302,1.51688e-25,0.732986,1.52353e-26,0.16,0.0428317,0.00817022,-5.36758,739720
21J,all,least variable,20,-1.08193,2.7795,1.09329,0.347865,0.00434757,0.407408,2.2885e-07,0.260907,0.0012608,0.16,0.0428317,0.0114125,-6.42618,8925
21J,all,random,20,0.721771,18.0063,0.466623,0.742909,0.00171394,0.805107,2.16205e-35,0.849915,5.05584e-43,0.12,0.230782,0.00636377,-5.25123,202925
21J,all,most variable,30,0.565789,1.96908,0.586876,0.70306,0.0019796,0.747399,4.54385e-28,0.76695,2.60084e-30,0.126667,0.180395,0.00758051,-5.36609,829497
21J,all,least variable,30,-1.07476,2.93199,1.09593,0.325776,0.00449483,0.434573,2.75228e-08,0.247948,0.002219,0.18,0.0153443,0.0115611,-6.40771,20171
21J,all,random,30,0.684191,1.33309,0.516357,0.72188,0.00185413,0.793269,1.05847e-33,0.828288,4.60413e-39,0.08,0.724957,0.00679989,-5.30016,300610
21K,all,total,10,0.715075,1.32108,0.518875,0.79022,0.00139854,0.76952,1.27055e-30,0.849471,6.18463e-43,0.1,0.442524,0.00643875,-5.36839,379211
21K,terminal,total,10,0.711939,1.41972,0.517766,0.808066,0.00127956,0.769295,1.35339e-30,0.849799,5.32848e-43,0.0933333,0.532187,0.00633354,-5.39207,251432
21K,non-terminal,total,10,0.717298,1.48367,0.52907,0.755599,0.00162934,0.759548,1.94642e-29,0.848024,1.18621e-42,0.113333,0.291074,0.00669602,-5.32147,127779
21K,all,most variable,10,0.521188,5.8527,0.704423,0.7201,0.001866,0.676914,1.92986e-21,0.751159,1.74742e-28,0.233333,0.000541396,0.00809949,-5.45417,209325
21K,all,least variable,10,-1.64614,1.76058,1.05765,0.418042,0.00387972,0.356823,7.39295e-06,0.265338,0.00103236,0.186667,0.0106031,0.0115857,-6.42202,1866
21K,all,random,10,0.653721,2.51584,0.589263,0.622506,0.00251662,0.771086,8.17435e-31,0.809548,4.6838e-36,0.14,0.105738,0.00858712,-5.24236,37526
21K,all,most variable,20,0.627783,2.52893,0.606195,0.749202,0.00167199,0.73054,2.7037e-26,0.802943,4.49105e-35,0.133333,0.139062,0.00733701,-5.37242,270095
21K,all,least variable,20,-1.64656,2.14947,1.07094,0.361467,0.00425688,0.410528,1.81129e-07,0.234823,0.00382205,0.173333,0.0219027,0.011859,-6.38842,5155
21K,all,random,20,0.772194,1.70359,0.507727,0.72504,0.00183306,0.807314,1.01604e-35,0.88061,7.31362e-50,0.133333,0.139062,0.00650488,-5.21709,74349
21K,all,most variable,30,0.682436,1.66992,0.549781,0.780412,0.00146392,0.757836,3.06795e-29,0.832685,8.02442e-40,0.106667,0.361727,0.00674695,-5.35931,301375
21K,all,least variable,30,-1.49524,2.60162,1.04378,0.394474,0.00403684,0.452063,6.35662e-09,0.261007,0.00125516,0.173333,0.0219027,0.011728,-6.35063,9801
21K,all,random,30,0.811557,3.0013,0.477983,0.79666,0.0013556,0.760431,1.5367e-29,0.901022,1.49806e-55,0.0933333,0.532187,0.00550919,-5.29104,110601
21L,all,total,10,0.68354,1.78217,0.54425,0.730709,0.00179527,0.732853,1.57229e-26,0.828493,4.24883e-39,0.113333,0.291074,0.00702154,-5.35664,303058
21L,terminal,total,10,0.685966,1.82081,0.54146,0.743795,0.00170803,0.734422,1.08493e-26,0.830745,1.74511e-39,0.0933333,0.532187,0.0068902,-5.37213,189682
21L,non-terminal,total,10,0.677887,2.11582,0.552153,0.708406,0.00194396,0.733332,1.4043e-26,0.824104,2.31914e-38,0.126667,0.180395,0.0072683,-5.3306,113376
21L,all,most variable,10,0.413496,6.10156,0.744419,0.637099,0.00241934,0.621921,2.00074e-17,0.686721,2.99353e-22,0.246667,0.000204062,0.00908735,-5.54972,172600
21L,all,least variable,10,-1.41463,1.53612,1.00112,0.417781,0.00388146,0.384225,1.20963e-06,0.278508,0.000558469,0.153333,0.058682,0.0114037,-6.35127,1708
21L,all,random,10,0.659348,2.08271,0.593337,0.605353,0.00263098,0.758167,2.81084e-29,0.815252,6.189e-37,0.153333,0.058682,0.00865301,-5.19443,30739
21L,all,most variable,20,0.592464,2.87786,0.633117,0.732183,0.00178545,0.679381,1.21585e-21,0.784126,1.80393e-32,0.153333,0.058682,0.00752623,-5.43611,216287
21L,all,least variable,20,-1.39374,1.67193,0.984194,0.445896,0.00369403,0.446409,1.03024e-08,0.294944,0.000248361,0.166667,0.030839,0.0112661,-6.29997,4733
21L,all,random,20,0.704848,2.02821,0.512465,0.737546,0.00174969,0.735872,7.6807e-27,0.840378,3.32903e-41,0.126667,0.180395,0.00681455,-5.35968,60834
21L,all,most variable,30,0.645077,2.08842,0.589596,0.746639,0.00168907,0.696629,4.22205e-23,0.810702,3.12762e-36,0.12,0.230782,0.00712109,-5.39865,246385
21L,all,least variable,30,-1.42106,1.99756,0.997592,0.439393,0.00373738,0.45752,3.95556e-09,0.289737,0.00032277,0.16,0.0428317,0.0112949,-6.27271,9023
21L,all,random,30,0.789205,1.30388,0.49644,0.784511,0.00143659,0.759573,1.93341e-29,0.888388,6.73021e-52,0.106667,0.361727,0.00572351,-5.30637,92030
22A,all,total,10,0.677575,1.72116,0.554845,0.766389,0.0015574,0.788814,4.28908e-33,0.828733,3.86666e-39,0.08,0.724957,0.00702709,-5.34729,41434
22A,terminal,total,10,0.674742,1.64721,0.556298,0.783123,0.00144585,0.784481,1.61994e-32,0.829408,2.96408e-39,0.1,0.442524,0.00691271,-5.36684,26961
22A,non-terminal,total,10,0.678252,1.91647,0.558172,0.734303,0.00177131,0.780951,4.67676e-32,0.82597,1.13348e-38,0.106667,0.361727,0.00730202,-5.31094,14473
22A,all,most variable,10,0.364373,4.10541,0.765232,0.611513,0.00258991,0.643922,6.20586e-19,0.659929,4.12767e-20,0.286667,7.76892e-06,0.00984664,-5.46854,18278
22A,all,least variable,10,-1.25583,1.33783,0.971551,0.573681,0.00284213,0.554978,1.7113e-13,0.370063,3.14713e-06,0.193333,0.00722668,0.011088,-6.21716,992
22A,all,random,10,0.71329,1.26151,0.471169,0.831887,0.00112076,0.745658,7.03267e-28,0.853281,1.07546e-43,0.16,0.0428317,0.00628558,-5.35032,4343
22A,all,most variable,20,0.517984,2.08624,0.66856,0.747498,0.00168335,0.69741,3.60628e-23,0.756241,4.67319e-29,0.16,0.0428317,0.00803853,-5.44091,24020
22A,all,least variable,20,-1.4801,1.33342,0.970387,0.581131,0.00279246,0.608098,1.54733e-16,0.357501,7.08286e-06,0.193333,0.00722668,0.0110875,-6.22281,1985
22A,all,random,20,0.732018,1.54112,0.514417,0.836423,0.00109051,0.774125,3.43926e-31,0.862325,1.3768e-45,0.126667,0.180395,0.00610793,-5.3749,8357
22A,all,most variable,30,0.601521,1.36951,0.614737,0.808813,0.00127458,0.742729,1.455e-27,0.802378,5.42695e-35,0.1,0.442524,0.00716687,-5.42921,24756
22A,all,least variable,30,-1.41357,1.22681,0.94098,0.628105,0.0024793,0.635327,2.49189e-18,0.38441,1.19426e-06,0.166667,0.030839,0.0108815,-6.18235,2978
22A,all,random,30,0.724286,1.17797,0.531262,0.79262,0.00138253,0.773454,4.16809e-31,0.854231,6.90034e-44,0.106667,0.361727,0.00647643,-5.33262,12514
22B,all,total,10,0.661278,1.35047,0.555267,0.749044,0.00167304,0.772606,5.31001e-31,0.818831,1.67643e-37,0.0933333,0.532187,0.00709252,-5.3756,336039
22B,terminal,total,10,0.663856,1.21882,0.549457,0.761865,0.00158757,0.777395,1.33389e-31,0.8216,5.98056e-38,0.0866667,0.627917,0.00697009,-5.3859,211759
22B,non-terminal,total,10,0.655526,1.38851,0.566682,0.726872,0.00182085,0.762452,8.91513e-30,0.813574,1.1306e-36,0.113333,0.291074,0.00732336,-5.35807,124280
22B,all,most variable,10,0.413807,7.23613,0.748763,0.651073,0.00232618,0.633027,3.58822e-18,0.690781,1.35454e-22,0.253333,0.000122655,0.00905574,-5.4919,192546
22B,all,least variable,10,-1.50759,1.78723,1.09723,0.339684,0.00440211,0.38774,9.4736e-07,0.229697,0.00469021,0.186667,0.0106031,0.0119372,-6.45651,1724
22B,all,random,10,0.653659,3.9149,0.573408,0.715162,0.00189892,0.726866,6.32443e-26,0.811498,2.36308e-36,0.173333,0.0219027,0.00744437,-5.3283,32766
22B,all,most variable,20,0.551055,2.34953,0.651017,0.736328,0.00175781,0.710055,2.60669e-24,0.767008,2.55957e-30,0.146667,0.0793098,0.00778069,-5.42985,241824
22B,all,least variable,20,-1.37421,1.79227,1.07487,0.361496,0.00425669,0.438809,1.94455e-08,0.249622,0.002066,0.173333,0.0219027,0.0118613,-6.3949,4813
22B,all,random,20,0.771423,4.42769,0.504877,0.783864,0.00144091,0.770499,9.6495e-31,0.878418,2.58557e-49,0.126667,0.180395,0.00597268,-5.27767,66950
22B,all,most variable,30,0.618349,1.92145,0.600306,0.754338,0.00163775,0.74225,1.63703e-27,0.79945,1.43382e-34,0.106667,0.361727,0.0072988,-5.39014,271136
22B,all,least variable,30,-1.29056,2.13241,1.05578,0.397047,0.00401969,0.472735,1.00757e-09,0.274995,0.000659904,0.18,0.0153443,0.0116855,-6.33609,9188
22B,all,random,30,0.774925,3.4419,0.461656,0.797322,0.00135119,0.78463,1.54863e-32,0.880646,7.16321e-50,0.0933333,0.532187,0.00584149,-5.2826,103186
22C,all,total,10,0.675951,1.30002,0.548982,0.745752,0.00169499,0.789793,3.16337e-33,0.825788,1.21626e-38,0.08,0.724957,0.00724389,-5.31669,58823
22C,terminal,total,10,0.671766,1.46635,0.549669,0.754652,0.00163565,0.786831,7.9098e-33,0.824602,1.91728e-38,0.0933333,0.532187,0.00719419,-5.3339,40215
22C,non-terminal,total,10,0.68,1.49758,0.554314,0.72317,0.00184553,0.782301,3.12459e-32,0.826094,1.08052e-38,0.0933333,0.532187,0.00742603,-5.27906,18608
22C,all,most variable,10,0.548912,4.42574,0.695149,0.701494,0.00199004,0.63877,1.43542e-18,0.759059,2.21725e-29,0.32,3.42678e-07,0.0083517,-5.37161,27085
22C,all,least variable,10,-1.03245,1.28373,0.939251,0.583467,0.00277689,0.561106,8.12011e-14,0.393429,6.34087e-07,0.186667,0.0106031,0.0110472,-6.19202,1142
22C,all,random,10,0.635224,1.74485,0.555144,0.718282,0.00187812,0.733407,1.3795e-26,0.802392,5.40135e-35,0.166667,0.030839,0.00775349,-5.33258,5583
22C,all,most variable,20,0.584451,2.3662,0.634528,0.759658,0.00160228,0.731761,2.03203e-26,0.785676,1.12634e-32,0.18,0.0153443,0.00766177,-5.36859,34952
22C,all,least variable,20,-1.61664,1.7527,0.999,0.53631,0.00309127,0.548563,3.67537e-13,0.327039,4.41176e-05,0.186667,0.0106031,0.0113357,-6.26955,2285
22C,all,random,20,0.702077,1.52201,0.547381,0.735446,0.00176369,0.787065,7.36143e-33,0.838764,6.58089e-41,0.1,0.442524,0.00715375,-5.27958,12018
22C,all,most variable,30,0.653756,1.84229,0.577587,0.782454,0.00145031,0.751916,1.43863e-28,0.819716,1.20817e-37,0.133333,0.139062,0.00708416,-5.34325,39227
22C,all,least variable,30,-1.652,1.88492,0.985008,0.55406,0.00297293,0.593376,1.22853e-15,0.333498,3.04128e-05,0.186667,0.0106031,0.0112646,-6.24709,3428
22C,all,random,30,0.685531,1.44906,0.541143,0.774721,0.00150186,0.785029,1.37189e-32,0.83351,5.74913e-40,0.1,0.442524,0.00693341,-5.32915,16879
22D,all,total,10,0.638329,1.38614,0.562689,0.767782,0.00154812,0.761636,1.11128e-29,0.81056,3.28787e-36,0.0733333,0.816483,0.00662088,-5.46501,20821
22D,terminal,total,10,0.641307,1.35064,0.553898,0.759244,0.00160504,0.765772,3.60098e-30,0.810656,3.17797e-36,0.08,0.724957,0.00666852,-5.45549,12810
22D,non-terminal,total,10,0.626431,1.52043,0.58132,0.773881,0.00150746,0.743764,1.12667e-27,0.806244,1.46705e-35,0.0666667,0.894321,0.00664033,-5.48027,8011
22D,all,most variable,10,0.195511,2.9907,0.775661,0.535021,0.00309986,0.593779,1.1624e-15,0.572115,2.04593e-14,0.233333,0.000541396,0.010002,-5.76979,7222
22D,all,least variable,10,-0.658734,1.02917,0.803963,0.682101,0.00211933,0.613925,6.61267e-17,0.479576,5.32849e-10,0.213333,0.00210586,0.00944299,-6.02293,772
22D,all,random,10,0.592369,1.40164,0.590989,0.789877,0.00140082,0.728648,4.19514e-26,0.794907,6.27498e-34,0.146667,0.0793098,0.00670043,-5.52193,2171
22D,all,most variable,20,0.469629,2.11863,0.664103,0.743102,0.00171266,0.68853,2.10599e-22,0.737019,5.83658e-27,0.133333,0.139062,0.00753239,-5.57744,9318
22D,all,least variable,20,-0.673871,1.12746,0.837645,0.706248,0.00195835,0.613268,7.28454e-17,0.488947,2.1756e-10,0.146667,0.0793098,0.00934067,-6.01846,1545
22D,all,random,20,0.600952,1.12416,0.572865,0.829824,0.00113451,0.743202,1.2947e-27,0.806492,1.34729e-35,0.106667,0.361727,0.00640235,-5.53213,4082
22D,all,most variable,30,0.510274,1.55099,0.617328,0.79829,0.00134473,0.718686,3.99592e-25,0.765922,3.45479e-30,0.0866667,0.627917,0.00700185,-5.5773,10220
22D,all,least variable,30,-0.824975,1.6034,0.869162,0.613277,0.00257816,0.61945,2.90526e-17,0.428171,4.61116e-08,0.12,0.230782,0.00983563,-6.05263,2318
22D,all,random,30,0.673913,1.242,0.550038,0.875594,0.000829371,0.758375,2.65981e-29,0.843606,8.32887e-42,0.0866667,0.627917,0.00573741,-5.49759,6423
22E,all,total,10,0.683869,1.29943,0.537407,0.786619,0.00142254,0.77042,9.86726e-31,0.83411,4.50564e-40,0.0666667,0.894321,0.00657215,-5.40674,93507
22E,terminal,total,10,0.687231,1.19024,0.528832,0.791905,0.0013873,0.776273,1.84971e-31,0.836332,1.81194e-40,0.0666667,0.894321,0.00651077,-5.40663,59619
22E,non-terminal,total,10,0.675788,1.2989,0.555774,0.774884,0.00150077,0.756896,3.93279e-29,0.828869,3.66493e-39,0.0733333,0.816483,0.00671395,-5.40694,33888
22E,all,most variable,10,0.431084,4.57053,0.740388,0.700679,0.00199547,0.666328,1.33279e-20,0.711331,1.98385e-24,0.246667,0.000204062,0.00844095,-5.52875,45977
22E,all,least variable,10,-1.27134,1.2224,0.965178,0.442503,0.00371665,0.481388,4.49055e-10,0.30134,0.000178775,0.153333,0.058682,0.0113135,-6.2398,1357
22E,all,random,10,0.790267,1.29402,0.462186,0.823196,0.0011787,0.735677,8.0475e-27,0.889682,2.98374e-52,0.113333,0.291074,0.00545606,-5.32334,9519
22E,all,most variable,20,0.552849,2.1962,0.639341,0.763078,0.00157948,0.717898,4.75507e-25,0.773471,4.14836e-31,0.126667,0.180395,0.00747166,-5.46901,57267
22E,all,least variable,20,-1.31706,1.59476,0.968211,0.490542,0.00339639,0.489705,2.02122e-10,0.323585,5.36456e-05,0.14,0.105738,0.0110686,-6.21916,2715
22E,all,random,20,0.716045,1.46547,0.51384,0.861218,0.000925212,0.798434,2.00116e-34,0.858479,9.11312e-45,0.08,0.724957,0.00585539,-5.39853,18536
22E,all,most variable,30,0.603695,2.07697,0.603316,0.793209,0.00137861,0.742224,1.64763e-27,0.800151,1.13775e-34,0.0933333,0.532187,0.00700025,-5.45106,69375
22E,all,least variable,30,-1.21188,1.64026,0.971394,0.559011,0.00293992,0.540849,9.02054e-13,0.366228,4.04631e-06,0.126667,0.180395,0.0107405,-6.19138,5653
22E,all,random,30,0.750783,1.38656,0.510118,0.836741,0.0010884,0.778886,8.61535e-32,0.871086,1.48681e-47,0.0866667,0.627917,0.00572893,-5.39854,27627
22F,all,total,10,0.663047,1.24527,0.55958,0.79344,0.00137706,0.760776,1.4009e-29,0.825501,1.35842e-38,0.0933333,0.532187,0.00634908,-5.46955,19856
22F,terminal,total,10,0.662075,1.49383,0.557725,0.788887,0.00140742,0.757717,3.16646e-29,0.824401,2.07095e-38,0.08,0.724957,0.00638641,-5.47249,12754
22F,non-terminal,total,10,0.652557,1.46455,0.582977,0.787179,0.00141881,0.733652,1.302e-26,0.819889,1.13312e-37,0.0933333,0.532187,0.00645426,-5.46413,7102
22F,all,most variable,10,0.248602,5.23392,0.773983,0.524556,0.00316963,0.615661,5.11571e-17,0.586284,3.21172e-15,0.266667,4.24629e-05,0.0101853,-5.66954,7622
22F,all,least variable,10,-0.840868,1.18629,0.855669,0.545369,0.00303088,0.629243,6.494e-18,0.392402,6.82129e-07,0.24,0.000334734,0.010263,-6.04849,733
22F,all,random,10,0.522188,1.34856,0.636557,0.726889,0.00182074,0.628003,7.87421e-18,0.753105,1.05854e-28,0.18,0.0153443,0.00752903,-5.54519,2017
22F,all,most variable,20,0.40143,1.76868,0.692448,0.693102,0.00204599,0.64446,5.6798e-19,0.69844,2.92654e-23,0.133333,0.139062,0.00819619,-5.61674,8772
22F,all,least variable,20,-0.882315,1.26398,0.836397,0.659256,0.00227163,0.616937,4.23198e-17,0.444387,1.22178e-08,0.12,0.230782,0.00972246,-6.05552,1466
22F,all,random,20,0.516854,1.15699,0.617453,0.863182,0.000912119,0.711979,1.72626e-24,0.78487,1.43966e-32,0.08,0.724957,0.00664442,-5.62053,3900
22F,all,most variable,30,0.44085,2.71745,0.693793,0.739042,0.00173972,0.668618,8.83296e-21,0.725656,8.34151e-26,0.113333,0.291074,0.00771878,-5.59652,13214
22F,all,least variable,30,-0.814565,1.12751,0.814531,0.671479,0.00219014,0.642865,7.38042e-19,0.457146,4.08735e-09,0.113333,0.291074,0.00964121,-6.03537,2199
22F,all,random,30,0.629475,1.15678,0.581232,0.831471,0.00112353,0.732921,1.54717e-26,0.817897,2.36326e-37,0.1,0.442524,0.00629482,-5.52195,5803
23A,all,total,10,0.666818,1.45598,0.557287,0.773136,0.00151243,0.78229,3.13547e-32,0.824421,2.05468e-38,0.08,0.724957,0.00664001,-5.41636,92550
23A,terminal,total,10,0.674834,1.25177,0.547175,0.787328,0.00141781,0.785063,1.35777e-32,0.829999,2.3472e-39,0.0666667,0.894321,0.00648498,-5.42278,58735
23A,non-terminal,total,10,0.650584,3.03173,0.578989,0.74631,0.00169127,0.771086,8.1753e-31,0.813306,1.24421e-36,0.1,0.442524,0.0069493,-5.40515,33815
23A,all,most variable,10,0.362443,6.68241,0.74282,0.586561,0.00275626,0.671915,4.8549e-21,0.651462,1.76671e-19,0.246667,0.000204062,0.00956687,-5.53945,44038
23A,all,least variable,10,-1.16868,1.77402,0.975328,0.457472,0.00361685,0.471749,1.10321e-09,0.316924,7.7699e-05,0.133333,0.139062,0.0110058,-6.24916,1341
23A,all,random,10,0.631029,1.4724,0.584121,0.745245,0.00169837,0.765497,3.88382e-30,0.80387,3.28668e-35,0.146667,0.0793098,0.00706835,-5.38038,9019
23A,all,most variable,20,0.53266,3.14748,0.661266,0.709229,0.00193848,0.71995,3.01817e-25,0.753562,9.4035e-29,0.166667,0.030839,0.00783581,-5.45415,58788
23A,all,least variable,20,-1.22944,2.22162,0.982698,0.48147,0.00345686,0.507078,3.55342e-11,0.325171,4.9053e-05,0.146667,0.0793098,0.0108786,-6.22821,2683
23A,all,random,20,0.71895,1.86982,0.49743,0.718015,0.0018799,0.762756,8.20838e-30,0.84791,1.24861e-42,0.1,0.442524,0.00675371,-5.29287,18283
23A,all,most variable,30,0.587336,1.87102,0.62003,0.760264,0.00159824,0.75478,6.8505e-29,0.787008,7.49258e-33,0.106667,0.361727,0.00717377,-5.44719,66483
23A,all,least variable,30,-1.17817,1.837,0.941549,0.545153,0.00303231,0.561255,7.97225e-14,0.361953,5.33418e-06,0.126667,0.180395,0.0105709,-6.15978,5612
23A,all,random,30,0.724049,2.23661,0.50553,0.76946,0.00153694,0.7815,3.97111e-32,0.852396,1.62135e-43,0.113333,0.291074,0.00627779,-5.35468,28317
23B,all,total,10,0.658246,1.2211,0.564376,0.77689,0.0014874,0.783441,2.21823e-32,0.820954,7.61972e-38,0.08,0.724957,0.0064668,-5.44786,30608
23B,terminal,total,10,0.660136,1.12428,0.565724,0.779047,0.00147302,0.784781,1.4791e-32,0.822121,4.91736e-38,0.0933333,0.532187,0.00644019,-5.44872,18962
23B,non-terminal,total,10,0.649637,1.29196,0.567454,0.766849,0.00155434,0.765399,3.98929e-30,0.815584,5.48817e-37,0.0866667,0.627917,0.00659009,-5.44645,11646
23B,all,most variable,10,0.393695,2.46202,0.729343,0.627232,0.00248512,0.687657,2.49643e-22,0.676059,2.26244e-21,0.273333,2.44551e-05,0.00878569,-5.53554,11790
23B,all,least variable,10,-0.540961,1.03266,0.773565,0.664013,0.00223991,0.5233,6.40076e-12,0.485706,2.97482e-10,0.226667,0.000863433,0.00950532,-6.04385,919
23B,all,random,10,0.500917,1.15161,0.639439,0.641898,0.00238735,0.718033,4.61633e-25,0.725469,8.70601e-26,0.0933333,0.532187,0.00835821,-5.50752,3022
23B,all,most variable,20,0.49976,1.75731,0.681082,0.721337,0.00185775,0.737924,4.69395e-27,0.742852,1.4116e-27,0.153333,0.058682,0.00762478,-5.48555,15536
23B,all,least variable,20,-1.01225,1.59861,0.902577,0.575128,0.00283248,0.590625,1.78848e-15,0.391099,7.48096e-07,0.16,0.0428317,0.010098,-6.12551,1839
23B,all,random,20,0.648111,0.956928,0.521867,0.835509,0.00109661,0.769454,1.2946e-30,0.826101,1.07786e-38,0.106667,0.361727,0.00613986,-5.48275,6213
23B,all,most variable,30,0.541198,1.56722,0.642008,0.7501,0.001666,0.757334,3.50357e-29,0.765966,3.41373e-30,0.12,0.230782,0.00724064,-5.49272,18498
23B,all,least variable,30,-0.848975,1.47084,0.867974,0.683861,0.00210759,0.591384,1.61304e-15,0.459319,3.37659e-09,0.14,0.105738,0.00956062,-6.08377,2758
23B,all,random,30,0.570471,1.53167,0.56863,0.838292,0.00107805,0.756012,4.96296e-29,0.797068,3.1231e-34,0.1,0.442524,0.00652334,-5.53955,9436
23C,all,total,10,0.634277,1.13698,0.548857,0.766293,0.00155805,0.789207,3.79614e-33,0.808504,6.73599e-36,0.08,0.724957,0.00668133,-5.44314,15951
23C,terminal,total,10,0.63932,1.01704,0.542107,0.784379,0.00143748,0.789232,3.76763e-33,0.813609,1.1166e-36,0.0666667,0.894321,0.00652305,-5.45561,9799
23C,non-terminal,total,10,0.617298,1.7723,0.570165,0.728272,0.00181152,0.769477,1.28607e-30,0.794967,6.15506e-34,0.113333,0.291074,0.00707107,-5.42298,6152
23C,all,most variable,10,0.323104,3.0097,0.686134,0.511434,0.00325711,0.63945,1.28624e-18,0.611383,9.60129e-17,0.293333,4.28492e-06,0.0102988,-5.51451,5595
23C,all,least variable,10,-0.363194,0.997122,0.778188,0.744082,0.00170612,0.543814,6.40507e-13,0.546859,4.49024e-13,0.266667,4.24629e-05,0.00898531,-6.0175,669
23C,all,random,10,0.565862,0.958503,0.546489,0.706396,0.00195736,0.693754,7.51542e-23,0.767581,2.18313e-30,0.213333,0.00210586,0.00749704,-5.45257,1615
23C,all,most variable,20,0.482605,2.06062,0.633641,0.71242,0.0019172,0.750844,1.8943e-28,0.733933,1.2181e-26,0.16,0.0428317,0.00775945,-5.48496,7375
23C,all,least variable,20,-0.568224,1.04738,0.795176,0.715109,0.00189927,0.625569,1.14631e-17,0.505855,4.02865e-11,0.146667,0.0793098,0.00927594,-5.99662,1339
23C,all,random,20,0.522485,0.995952,0.562671,0.82571,0.00116193,0.729603,3.36231e-26,0.777129,1.44164e-31,0.113333,0.291074,0.00681018,-5.57236,3064
23C,all,most variable,30,0.465558,1.71507,0.625854,0.756913,0.00162058,0.752884,1.1208e-28,0.739282,3.38043e-27,0.133333,0.139062,0.00747676,-5.53646,7951
23C,all,least variable,30,-0.657676,1.27937,0.814701,0.791744,0.00138838,0.634299,2.93392e-18,0.528869,3.47907e-12,0.133333,0.139062,0.0090056,-6.01201,2009
23C,all,random,30,0.609032,0.989646,0.55171,0.903187,0.00064542,0.771074,8.2042e-31,0.825408,1.40785e-38,0.0866667,0.627917,0.00598358,-5.555,4816
23D,all,total,10,0.679065,1.40103,0.550239,0.787297,0.00141802,0.783647,2.08491e-32,0.831953,1.07702e-39,0.0733333,0.816483,0.00637363,-5.42495,31036
23D,terminal,total,10,0.678439,1.38813,0.551769,0.781551,0.00145633,0.782588,2.86706e-32,0.830937,1.61651e-39,0.0733333,0.816483,0.00641891,-5.42475,19198
23D,non-terminal,total,10,0.673608,1.16815,0.54567,0.789443,0.00140371,0.774981,2.68841e-31,0.829717,2.62411e-39,0.106667,0.361727,0.00639289,-5.42529,11838
23D,all,most variable,10,0.277706,3.8323,0.73921,0.547408,0.00301728,0.637852,1.66379e-18,0.605579,2.22234e-16,0.28,1.38833e-05,0.01001,-5.62559,12873
23D,all,least variable,10,-0.989688,1.32854,0.905216,0.506698,0.00328868,0.547947,3.95161e-13,0.358014,6.85687e-06,0.22,0.00135788,0.0106111,-6.13551,903
23D,all,random,10,0.455447,1.14931,0.622755,0.767413,0.00155058,0.727385,5.61323e-26,0.738656,3.93374e-27,0.16,0.0428317,0.00756226,-5.65474,3053
23D,all,most variable,20,0.437147,3.34531,0.696089,0.698416,0.00201056,0.694599,6.34769e-23,0.712935,1.40486e-24,0.146667,0.0793098,0.00815364,-5.56459,16016
23D,all,least variable,20,-0.93002,1.20805,0.871477,0.64032,0.00239787,0.618677,3.26262e-17,0.430661,3.77736e-08,0.16,0.0428317,0.00994806,-6.08299,1807
23D,all,random,20,0.665881,1.28199,0.536378,0.783246,0.00144503,0.776725,1.622e-31,0.825334,1.44852e-38,0.12,0.230782,0.00648486,-5.41163,6310
23D,all,most variable,30,0.541866,2.16565,0.645429,0.768873,0.00154085,0.730962,2.44984e-26,0.770462,9.75054e-31,0.133333,0.139062,0.00722123,-5.50181,18799
23D,all,least variable,30,-1.06363,1.68843,0.901624,0.631433,0.00245711,0.604099,2.74513e-16,0.413977,1.39477e-07,0.16,0.0428317,0.0100273,-6.12707,2711
23D,all,random,30,0.738104,1.44548,0.51927,0.8303,0.00113133,0.764518,5.07953e-30,0.864476,4.66504e-46,0.08,0.724957,0.00567284,-5.42363,8809
23F,all,total,10,0.667622,1.30723,0.56169,0.820279,0.00119814,0.782872,2.63316e-32,0.831609,1.23604e-39,0.0666667,0.894321,0.00632717,-5.44739,43656
23F,terminal,total,10,0.671269,1.26169,0.563448,0.822765,0.00118157,0.784027,1.85865e-32,0.833562,5.62842e-40,0.0733333,0.816483,0.00628808,-5.44959,28316
23F,non-terminal,total,10,0.654933,1.21219,0.562436,0.808392,0.00127738,0.78049,5.36284e-32,0.824267,2.17915e-38,0.08,0.724957,0.00648385,-5.44324,15340
23F,all,most variable,10,0.302172,3.29906,0.737585,0.632188,0.00245208,0.697528,3.52081e-23,0.644485,5.6569e-19,0.22,0.00135788,0.00921882,-5.59386,18167
23F,all,least variable,10,-1.32276,1.22528,0.942931,0.448013,0.00367991,0.504283,4.7312e-11,0.300769,0.00018416,0.2,0.00485793,0.0110759,-6.23225,1039
23F,all,random,10,0.579625,0.92371,0.547371,0.881868,0.000787546,0.726579,6.75383e-26,0.810415,3.45913e-36,0.12,0.230782,0.00644996,-5.58525,4491
23F,all,most variable,20,0.430777,3.19827,0.695725,0.738411,0.00174393,0.717155,5.60049e-25,0.721976,1.91873e-25,0.166667,0.030839,0.00798548,-5.54248,26655
23F,all,least variable,20,-1.19697,1.24061,0.907081,0.569538,0.00286975,0.571329,2.26118e-14,0.372634,2.65458e-06,0.166667,0.030839,0.010498,-6.17731,2078
23F,all,random,20,0.626552,1.18599,0.564009,0.81412,0.0012392,0.76056,1.48444e-29,0.813434,1.18869e-36,0.0933333,0.532187,0.00660973,-5.48772,8441
23F,all,most variable,30,0.51244,1.78029,0.651869,0.809741,0.00126839,0.752567,1.21655e-28,0.769598,1.24314e-30,0.14,0.105738,0.00718401,-5.51909,29659
23F,all,least variable,30,-1.30509,1.47118,0.926986,0.557459,0.00295027,0.548529,3.69009e-13,0.358347,6.71346e-06,0.173333,0.0219027,0.010565,-6.20484,3117
23F,all,random,30,0.723501,1.22091,0.519177,0.882167,0.000785552,0.775662,2.20771e-31,0.86469,4.18449e-46,0.0866667,0.627917,0.00557945,-5.43009,13119
24A,all,total,10,0.662644,1.19427,0.573765,0.781711,0.00145526,0.758251,2.74888e-29,0.82364,2.76757e-38,0.0666667,0.894321,0.00708211,-5.39798,65550
24A,terminal,total,10,0.67346,1.13729,0.56361,0.800298,0.00133135,0.766991,2.57153e-30,0.831151,1.48458e-39,0.0666667,0.894321,0.0068679,-5.40213,44954
24A,non-terminal,total,10,0.633569,1.20314,0.602122,0.735849,0.00176101,0.742148,1.67874e-27,0.803773,3.3963e-35,0.0933333,0.532187,0.00765188,-5.38888,20596
24A,all,most variable,10,0.374597,3.40015,0.744173,0.631604,0.00245597,0.654721,1.015e-19,0.670022,6.8523e-21,0.24,0.000334734,0.00970848,-5.51165,32541
24A,all,least variable,10,-1.63228,1.48392,1.01458,0.441997,0.00372002,0.508419,3.09431e-11,0.278638,0.00055501,0.166667,0.030839,0.0118363,-6.3053,1175
24A,all,random,10,0.561614,1.41712,0.601634,0.791141,0.00139239,0.706546,5.4799e-24,0.78309,2.46591e-32,0.126667,0.180395,0.00758426,-5.52378,6375
24A,all,most variable,20,0.485812,3.10811,0.675848,0.730279,0.00179814,0.703756,9.81678e-24,0.739678,3.0699e-27,0.126667,0.180395,0.0084051,-5.48695,43356
24A,all,least variable,20,-1.47995,1.3642,0.981621,0.571173,0.00285884,0.563644,5.93582e-14,0.352718,9.56054e-06,0.166667,0.030839,0.011254,-6.24138,2351
24A,all,random,20,0.628768,1.01184,0.54803,0.831344,0.00112438,0.736847,6.08234e-27,0.817593,2.64177e-37,0.0866667,0.627917,0.00693436,-5.50528,13473
24A,all,most variable,30,0.590548,1.50023,0.61847,0.781316,0.00145789,0.735541,8.31329e-27,0.792456,1.37027e-33,0.113333,0.291074,0.00751064,-5.44011,44016
24A,all,least variable,30,-1.79385,1.55717,0.99266,0.507294,0.00328471,0.563577,5.98517e-14,0.30271,0.000166456,0.166667,0.030839,0.0115424,-6.28046,3526
24A,all,random,30,0.765515,1.65799,0.496825,0.884978,0.000766816,0.758069,2.88457e-29,0.883019,1.774e-50,0.08,0.724957,0.00559143,-5.386,18639
