,R,V,C,G,S,A,L,T,P,D,Y,F,I,N,K,Q,E,H,M,W
ORF1ab,113,228,88,149,162,179,233,182,110,178,140,142,128,151,158,88,101,70,63,32
ORF1a;ORF1ab,131,371,138,264,294,309,435,345,164,211,195,208,215,233,276,151,239,75,105,46
S,42,97,40,82,99,79,108,97,58,62,54,77,76,88,61,62,48,17,14,12
ORF3a,6,25,7,14,22,13,30,24,12,13,17,14,21,8,11,9,11,8,4,6
E,3,13,3,1,8,4,14,4,2,1,4,5,3,5,2,0,2,0,1,0
M,14,12,4,14,15,19,35,13,5,6,9,11,20,11,7,4,7,5,4,7
ORF6,1,3,0,0,4,1,8,3,1,4,2,3,10,4,4,3,5,1,3,1
ORF7a,5,8,6,4,7,9,15,10,6,2,5,10,8,2,7,5,8,3,1,0
ORF7b,0,1,2,0,2,2,11,1,0,2,1,6,5,1,0,1,3,2,2,1
ORF8,4,12,7,5,9,5,10,5,7,7,7,8,10,2,5,6,6,4,1,1
N,29,8,0,43,37,37,27,32,28,24,11,13,14,22,31,35,12,4,7,5
ORF10,2,4,1,1,2,2,4,2,1,1,3,4,3,5,0,1,0,0,2,0
