clade,rate_cat,A>C,A>G,A>T,C>A,C>G,C>T,G>A,G>C,G>T,T>A,T>C,T>G
19A,1,0.0,0.0,0.0,0.0,0.0,0.0,0.0,0.0,0.0,8.017241379310345,0.0,0.0
19A,2,0.31251666984187465,2.239702800533435,0.7292055629643742,0.0,0.0,1.4160911602209945,0.9851068940667788,0.0,0.6567379293778525,0.19085705167840117,2.3720804994315574,0.46350998264754567
19A,3,0.43675749925749924,2.0646718146718146,0.8139571577071576,0.7451923076923077,0.0,3.875,0.30545506473724293,0.10181835491241431,1.1200019040365574,0.5155761413383365,1.8532872107567229,0.4598381801125703
19A,4,0.5040682873259122,2.1562921180052914,0.33604552488394146,0.1597197508208491,0.02083301097663249,2.7499574489154885,0.7342594718714123,0.30916188289322616,2.3573593570608495,0.5152698048220435,1.6367393800229622,0.2121699196326062
19A,5,,,,0.04545454545454546,0.06060606060606061,2.803030303030303,0.5194805194805195,0.935064935064935,2.2857142857142856,1.4545454545454546,0.7272727272727273,0.0
20A,1,0.0,0.8051948051948051,0.0,0.0,0.0,0.0,0.0,0.0,0.0,0.3817733990147783,6.87192118226601,0.0
20A,2,0.2951768205354192,2.168646028423488,0.6084256913077007,0.08188897763578275,0.0,1.1464456869009585,0.15190998749826365,0.0,0.18988748437282957,0.37209720764466386,2.547919862516003,0.3311034474804212
20A,3,0.29221807040255066,1.938715749843129,0.6932621808170857,0.49926793557833093,0.015129331381161543,4.326988775012201,0.9715727063189481,0.06201527912674137,1.1989620631169997,0.507816622822158,2.134527253032413,0.3437310288183409
20A,4,0.27345063959283866,0.9583089982127408,0.34735621786117343,0.18571349622720457,0.02015968873518997,2.954921648851936,0.8147843652156348,0.09519038480961518,2.8670437329562666,0.35996364003635994,1.351863448136552,0.29597010402989593
20A,5,,inf,inf,0.04756277695716396,0.10443131462333827,2.794830132939439,0.4324963072378139,0.35450516986706054,1.8079763663220088,1.2903988183161006,3.4741506646971936,0.2977843426883309
20B,1,0.0,0.9393939393939393,0.0,0.0,0.0,0.0,0.0,0.0,0.0,0.0,7.126436781609195,0.0
20B,2,0.2832887539458782,2.1016072676450035,0.5468131762211138,0.0,0.0,3.0449423480083855,0.4153374046729256,0.0,0.24920244280375536,0.36555689263270486,2.531309048984957,0.33107039332773275
20B,3,0.3169903401371318,1.9721154748989496,0.7186727558834209,0.3996484031643715,0.0,3.8148256665690012,1.2658530429661776,0.062051619753244,1.0300568879038505,0.5350060386041892,2.056800992856105,0.37705187482580954
20B,4,0.0497065660408827,0.8450116226950057,0.33332638403886045,0.18344221201325284,0.01667656472847753,3.035134780582911,0.6913306161591944,0.0820450731239511,2.9791776552385523,0.2500119875329657,1.4304483337329177,0.43989450970990174
20B,5,,inf,inf,0.05104166666666667,0.08263888888888889,2.8145833333333337,0.4916666666666667,0.3166666666666667,1.9833333333333334,1.2833333333333334,3.091666666666667,0.0
20C,1,0.0,1.4919786096256684,0.9946524064171123,0.0,0.0,0.0,0.0,0.0,0.0,1.4148073022312375,3.3012170385395536,0.9432048681541583
20C,2,0.22231596066373593,2.063370009910299,0.48631616395192234,0.0,0.0,0.8499677597641856,0.2627919643715357,0.0,0.2627919643715357,0.34185091875527085,2.58206545017279,0.48368268291969174
20C,3,0.32081732852941075,2.0546462731552704,0.681736823124998,0.6021136818051985,0.05312767780634105,3.8251928020565553,1.0646576225745967,0.07259029244826797,1.0404608584251742,0.6043453322279582,2.013380613669033,0.3162464615220274
20C,4,0.06481802426343154,0.9666340140155224,0.26209027202170143,0.18100127530165788,0.018868858815230743,2.867367693292287,0.8374488734835355,0.08685615251299827,2.6277227036395145,0.4270363951473137,1.2719584055459272,1.5556325823223571
20C,5,inf,inf,,0.07993909402360107,0.023981728207080322,2.9710696612105068,0.5664255805100876,0.27407689379520367,1.571374191092501,1.3429767795964977,1.4708793300342597,0.25580510087552344
20E,1,0.0,4.227272727272727,0.0,0.0,0.0,0.0,0.0,0.0,0.0,0.8017241379310346,3.2068965517241383,0.0
20E,2,0.30910118711136236,2.1733677218767666,0.36705765969474285,0.0,0.1313076331967213,0.1313076331967213,0.3653777619387028,0.0,0.3044814682822523,0.3488895957862342,2.5939182991063503,0.43484790199443685
20E,3,0.36110859268754003,2.006158848264111,0.6653760180075968,0.4267206477732794,0.05020242914979757,4.1165991902834005,0.6173407624163225,0.08574177255782257,0.7545275985088387,0.5491655969191271,2.159112603271782,0.3309074750666535
20E,4,0.049695193151710865,0.9125844560586904,0.3388308623980286,0.191571864411349,0.019045156111069782,3.346345959045026,0.7668420077792184,0.07689201704019263,2.4252157807001296,0.4694202630116688,1.144211891090943,0.16136321541026116
20E,5,,inf,,0.06439582297364495,0.17578319244157137,2.7220288413724516,0.41770263550472403,0.08354052710094481,1.4201889607160618,1.0860268523122825,2.4226752859273994,0.1670810542018896
20F,2,0.29928845101258894,2.3943076081007115,0.5985769020251779,0.0,0.0,0.0,0.0,0.0,0.0,0.07833361984986532,2.820010314595152,0.3133344793994613
20F,3,0.3251451676648527,2.2109871401209986,0.5852613017967349,0.0,0.0,3.4173228346456694,1.000545723863725,0.0,0.0,0.7302989565328725,2.1452531848153127,0.27386210869982713
20F,4,0.09309658148025224,1.4895453036840358,0.2792897444407567,0.27703133680376946,0.023085944733647452,3.8091808810518297,0.9421374045801527,0.12847328244274808,1.456030534351145,0.0,0.4030534351145038,0.10076335877862595
20F,5,,,,0.15555555555555556,0.0,3.2277777777777783,0.0,0.2666666666666667,0.5333333333333334,0.0,0.0,0.0
20G,1,0.0,0.6038961038961038,0.0,0.0,0.0,2.3172757475083055,0.0,0.0,0.0,0.0,6.87192118226601,0.0
20G,2,0.3151663993584603,2.274679230152366,0.4179380513231757,0.0,0.0,1.2107785247093021,0.388744944388271,0.0,0.12958164812942366,0.3981010200654857,2.5033739820334144,0.36940905465536056
20G,3,0.2870471565611477,1.9485150203854178,0.7662699518369621,0.36524300441826213,0.01826215022091311,4.255081001472755,0.9107569372548447,0.04990448971259423,0.8608524475422505,0.525890537255888,2.103562149023552,0.3773435348491924
20G,4,0.05261415732940533,0.8449214677016269,0.3744890021681203,0.20491741884247863,0.015349619388949711,3.2594916772434708,0.8385458698134755,0.06264179672630377,2.5825504377617055,0.3852303007232585,0.9480015226494098,0.3048344118766654
20G,5,inf,inf,,0.05748413587159388,0.02090332213512505,3.0048525569242255,0.6539753639417694,0.2866741321388578,1.4423292273236283,1.2541993281075028,1.4423292273236283,0.0
20I,1,0.0,1.138111888111888,0.32517482517482516,0.0,0.0,0.0,0.0,0.0,0.0,0.30835543766578255,5.7045755968169765,0.6167108753315651
20I,2,0.2807995891739734,2.2879966525286726,0.39519942180040707,0.04712493105350248,0.0,1.5315602592388307,0.2404054453743895,0.0,0.22947792513009904,0.3447889059028822,2.5723067058807128,0.36656504732832734
20I,3,0.2993758173074914,2.077119210060932,0.7008841096026133,0.5223373009738754,0.04312876797031999,3.733034472097697,1.0148782694005989,0.04255941129744448,1.050890078959975,0.5363044765089791,2.0430646724151584,0.3669451681377225
20I,4,0.06265883264640872,0.9035248954445106,0.3040113732103534,0.20065171818672264,0.018223626412752058,3.1333127771146536,0.7590073261234974,0.06262789001300308,2.5616942057023246,0.403564745805715,1.3036313469284195,0.725914179696172
20I,5,inf,inf,,0.06208226221079692,0.25552699228791775,2.7271208226221084,0.49562982005141387,0.24267352185089977,1.4107969151670952,1.468380462724936,1.3532133676092546,0.05758354755784061
20J,1,0.0,1.690909090909091,0.0,0.0,0.0,0.0,0.0,0.0,0.0,0.0,6.413793103448277,0.0
20J,2,0.3258382329572541,2.193977435245511,0.41272842841252183,0.0,0.0,0.590581797235023,0.13694650370667202,0.0,0.13694650370667202,0.4207273453226638,2.558477099935118,0.37524330799048394
20J,3,0.2676426426426426,2.202316602316602,0.6576362076362077,0.5166666666666667,0.28703703703703703,3.961111111111111,1.2157865786578657,0.039218921892189215,1.843289328932893,0.5796747967479675,1.8410042155977115,0.3113068352905751
20J,4,0.04089755926865541,0.793412649811915,0.2862829148805878,0.16226740496889694,0.012170055372667271,2.989776936551926,0.7675653923541248,0.07525150905432595,3.0777867203219316,0.5400402414486921,1.0358148893360162,0.5754527162977867
20J,5,,,,0.07291666666666667,0.036458333333333336,2.912615740740741,0.5833333333333334,0.4444444444444444,1.8611111111111112,0.3888888888888889,2.3333333333333335,0.0
21C,1,0.0,0.0,0.0,0.0,0.0,0.0,0.0,0.0,0.0,0.0,8.017241379310345,0.0
21C,2,0.335138304109151,2.27311197569685,0.5682779939242125,0.0,0.0,0.9903883307573416,0.09186210604126067,0.0,0.0,0.22119864523292732,2.5475981899240594,0.4576523694474358
21C,3,0.2816076966896639,1.8846053547692891,0.7690056332679284,0.5285245901639345,0.04065573770491803,4.431475409836065,1.1109884758967699,0.027774711897419247,0.8887907807174159,0.5625696388111422,2.0260109289617487,0.4029214980674397
21C,4,0.07923932304373507,0.8284111045481394,0.3313644418192558,0.18756477838825797,0.037512955677651595,3.2332595131690183,0.8284111045481394,0.03313644418192557,2.485233313644418,0.4366213821618429,1.27867690490254,0.37424689899586533
21C,5,,inf,,0.10990338164251208,0.019726247987117553,2.9279388083735913,0.4444444444444444,0.3478260869565218,1.7584541062801935,1.3526570048309179,1.6231884057971016,0.1352657004830918
21I,1,0.0,1.8116883116883116,0.3019480519480519,0.0,0.0,0.0,0.0,0.0,0.0,0.28633004926108374,5.726600985221675,0.0
21I,2,0.29040332512315276,2.51682881773399,0.4840055418719212,0.17163783482142855,0.0,0.6865513392857142,0.34493400621118014,0.0,0.15920031055900621,0.24675090252707582,2.599697008767406,0.29081356369262507
21I,3,0.31711382259919496,2.1703764222048796,0.6795296198554177,0.45345744680851063,0.020611702127659573,3.586436170212766,1.0349727459448073,0.042243785548767634,1.7883202548978299,0.36036963760595053,2.1082587355128872,0.3333900925445425
21I,4,0.10456516463922856,1.2547819756707426,0.3926125993057827,0.24657872928809182,0.025440662545596772,2.8767518416944045,0.9202523659305994,0.09075467119631157,2.794336326134433,0.3544770686726522,1.157388983256491,0.294685755884494
21I,5,inf,inf,inf,0.10388127853881278,0.1163115169964485,2.7035768645357687,0.669710806697108,0.4018264840182648,2.1187214611872145,1.1080669710806696,2.3439878234398783,0.3835616438356164
21J,1,0.07950983186092904,1.0601310914790536,0.18552294100883443,0.0,0.0,0.20339724429539985,0.0,0.0,0.0,0.37698627175440497,5.830721003134797,0.5026483623392065
21J,2,0.29536423341323725,2.3673838731666335,0.45456521137636746,0.09348329564519657,0.014022494346779487,1.1124512181778394,0.1972633021150815,0.008670914378684901,0.14307008724830086,0.2532486102965903,2.6735997564645007,0.300406489399438
21J,3,0.3266283943965061,2.210688593201935,0.6889987498803932,0.5448059068645369,0.047137948680459105,3.372176328678997,1.063323342349587,0.03158386165394813,1.0274044408607832,0.38257943307556475,2.1895341324931636,0.29901201592613924
21J,4,0.14338621194416667,1.1224265867373142,0.37777079089916277,0.2642920655337524,0.02370445911745433,2.869378379539681,0.8970397902400246,0.09701956737005063,2.858478124433411,0.31480732486297264,1.218359576574943,0.24208867379813392
21J,5,inf,inf,inf,0.09096352634675184,0.1829565509706698,2.6284561727876294,0.6101353054878562,0.33986049247835953,1.898478863770065,0.896545928229263,4.475670224388605,0.23649046138330954
21K,1,0.0,1.3467417538213997,0.1496379726468222,0.0,0.0,0.28709611031076354,0.0,0.0,0.0,0.21284711626487643,5.95971925541654,0.354745193774794
21K,2,0.22797754355065086,2.2000209153204726,0.43488785535404684,0.16364724660814045,0.0,0.7977803272146847,0.14704535202470592,0.0047433984524098685,0.10909816440542698,0.3721940987838574,2.6924009092978296,0.3131156704054673
21K,3,0.2631739454823104,2.021678713313805,0.5833154218464623,0.48388872696654683,0.038148903785744356,3.4956442889989963,0.9382364059781086,0.03977902890842858,0.6885887073114189,0.5532244004068332,2.3217778704552807,0.30486475271825486
21K,4,0.22011032142640372,1.1743270739821208,0.4977817213842058,0.2716063009310417,0.025934280399781184,3.2884265465055877,1.0624802233597022,0.06246593099780629,1.3324822176427575,0.9349597819583859,1.7865585322076711,0.1965565379246161
21K,5,inf,inf,inf,0.0852777914230977,0.09645330844426979,2.7170260843935745,0.6106990224492803,0.37137102716510295,1.265019403644938,6.701183867956969,4.101586677801248,0.14029572137348334
21L,1,0.08051948051948052,1.2883116883116883,0.16103896103896104,0.0,0.0,0.0,0.0,0.0,0.0,0.687192118226601,5.65024630541872,0.229064039408867
21L,2,0.19258299512394525,2.269086688662443,0.35323513095272857,0.013564378704487722,0.013564378704487722,0.7053476926333616,0.2201754224496558,0.006290726355704451,0.12581452711408903,0.3692906183036465,2.744868740008009,0.28989574704175924
21L,3,0.22390953165523414,2.130175469075473,0.5216687431786855,0.5392184884243192,0.02784696419092728,3.668204646604875,1.0359521844961435,0.03977779673357479,0.7315655660131364,0.534443547040509,2.2897284650442358,0.31077253200362637
21L,4,0.3705840819151328,1.1466018746407287,0.5389421482686303,0.3126927637581543,0.02324808013927889,3.301227379777602,0.9575598172780874,0.07767049685066307,1.5371533213933553,0.41066548608455916,1.556597508703439,0.27944378483891086
21L,5,inf,inf,inf,0.08210420337276618,0.40241631009312867,2.497835388874906,0.5122577397432672,0.363654669015857,1.070425371255978,3.915630505914926,1.234734457588724,0.08457085325950164
22A,1,0.0,0.9946524064171123,0.0,0.0,0.0,0.0,0.0,0.0,0.0,0.47160243407707914,6.602434077079107,0.0
22A,2,0.19431414356787494,2.1709580177928096,0.34172487317109035,0.0,0.0,0.8197627931769722,0.2956954358641575,0.04224220512345107,0.1267266153703532,0.3577625025978924,2.8515775942361428,0.23850833506526162
22A,3,0.2118806147562843,2.1746867492568085,0.4959403400339403,0.6117846067098957,0.017479560191711305,3.600789399492529,0.8359037200590653,0.011941481715129505,0.8956111286347128,0.5523825241071695,2.2716322736951646,0.31541368980083934
22A,4,0.10429385307346327,1.1876041979010494,0.4575472263868066,0.2552891532670322,0.01668556557300864,3.3271017752579235,1.1297379310344828,0.06499862068965517,1.6713931034482756,0.3823448275862069,1.4601931034482758,0.2112
22A,5,,inf,,0.0873634945397816,0.07098283931357255,2.906201248049922,0.608424336973479,0.3650546021840874,1.0577223088923557,3.669266770670827,1.9001560062402498,0.0
22B,1,0.07616707616707616,1.2948402948402946,0.07616707616707616,0.0,0.0,0.0,0.0,0.0,0.0,0.36113699906803354,5.994874184529357,0.28890959925442683
22B,2,0.20807766167205094,2.2238848819211183,0.3652333639475662,0.09547867386850437,0.0,0.6683507170795306,0.16051487201081896,0.0,0.09409492497185938,0.3492841980267789,2.7896777395033525,0.2812656963057746
22B,3,0.23125777252738108,1.9950523281779695,0.5596801327266069,0.4612959976543029,0.04090309338806627,3.542662366221962,1.0432313719570168,0.023286414552611982,0.7622419696888322,0.5772527572072378,2.336418318368787,0.29914312924099773
22B,4,0.1872876523272586,1.0896736135404137,0.42789403821179894,0.25577147087579244,0.0255549254133068,3.236031315924176,1.1391480216025571,0.0791447150887248,1.7422142620963297,0.45585804033946875,1.5504022925162568,0.2303537969800507
22B,5,inf,inf,inf,0.09147888753552579,0.07780146163215591,2.792859317904994,0.5200974421437272,0.3556638246041413,1.3532277710109624,4.135200974421438,5.115712545676005,0.04263093788063338
22C,1,0.5284090909090908,0.5284090909090908,0.0,2.0276162790697674,0.0,0.0,0.0,0.0,0.0,0.5010775862068966,6.012931034482759,0.0
22C,2,0.1951881202256015,2.352016848718498,0.4098950524737631,0.06633346273291926,0.0,0.5306677018633541,0.09229003510667026,0.0,0.12305338014222704,0.3320664319722552,2.7306078136795446,0.2835336457609256
22C,3,0.20966123941133857,2.1916151432216484,0.456995982779402,0.38119793732645774,0.061483538278460925,3.7873859579531937,0.9408807600315762,0.025202163215131506,0.7392634543105242,0.46677502475143756,2.3948088092542967,0.3000696587687813
22C,4,0.08636406045904087,1.2221823101324873,0.46322541518940097,0.25894404405214994,0.024661337528776188,3.383795101974711,1.0353218884120172,0.05898927038626609,1.624010729613734,0.39373390557939913,1.4871244635193133,0.1982832618025751
22C,5,,inf,,0.10412147505422994,0.05314533622559653,2.9305856832971804,0.32723892159900836,0.3644251626898048,1.2643321970870778,4.945770065075922,0.2603036876355748,0.0
22D,1,0.0,1.2077922077922076,0.0,0.0,0.0,0.0,0.0,0.0,0.0,0.0,6.87192118226601,0.0
22D,2,0.1892195578715955,2.2038513210927007,0.3450474290599682,0.0,0.0,0.453918240850059,0.28068374313433603,0.0,0.42102561470150407,0.34958805552832467,2.8374897173715685,0.2388851712776885
22D,3,0.22373820044922704,1.9861671829352436,0.4906539483535681,0.6482889733840304,0.02946768060836502,3.1825095057034223,0.9663065165832172,0.02013138576215036,0.7045985016752625,0.4986746112708276,2.565005873442765,0.2452046431110699
22D,4,0.10885735353091082,1.3280597130771121,0.3846293158092183,0.34912597409158963,0.025194657924135333,3.1205383457464766,1.4621719726271944,0.1268551026480214,1.175078845581672,0.5576911633442428,1.9087176435584645,0.20422493305563819
22D,5,,inf,,0.1315307057745188,0.0032080659945004585,2.8391384051329056,1.0999083409715857,0.5719523373052247,1.0339138405132906,1.231897341888176,1.3858845096241978,0.153987167736022
22E,1,0.0,0.9946524064171123,0.24866310160427807,0.0,0.0,0.0,0.0,0.0,0.0,0.47160243407707914,5.65922920892495,0.7074036511156188
22E,2,0.22100116322627708,2.196535951578242,0.3422822893870389,0.0,0.0,0.7693771440823327,0.2038929077485271,0.016991075645710594,0.11893752951997416,0.34988121113044485,2.8018713117139655,0.2807514557054779
22E,3,0.22152841191114006,1.9721431792089297,0.5826377337662912,0.5408352415221895,0.060843964671246316,3.076000436157453,0.9929815356412971,0.032329631392972465,0.6281185527777507,0.6402906652553605,2.3266633157008707,0.31098026387525896
22E,4,0.07486987855331642,1.031902239191361,0.4785161803190223,0.2841422884179771,0.03107806279571625,3.304768547679541,1.2682957426931802,0.09957693847591086,1.2989923929000402,0.5355398371813693,1.8902442279460832,0.18321099693046844
22E,5,,inf,inf,0.1171993911719939,0.025970319634703195,2.8580669710806696,0.5799086757990868,0.3835616438356164,1.1963470319634704,5.114155251141552,1.182648401826484,0.0
22F,1,0.0,0.0,0.0,0.0,0.0,4.055232558139535,0.0,0.0,0.0,0.0,6.012931034482759,1.0021551724137931
22F,2,0.2801479105408536,2.484790163058006,0.328869286287089,0.1655765503875969,0.0,0.8278827519379844,0.0,0.0,0.07678912481743624,0.19127976940083397,2.7735566563120924,0.3060476310413343
22F,3,0.25398740577312,1.9253883986026843,0.6349685144328001,0.5228174603174603,0.061507936507936505,3.136904761904762,1.4707095709570956,0.0,0.7353547854785478,0.43993176538908246,2.4411899922570655,0.29041247257710673
22F,4,0.18311790050920485,1.5748139443791618,0.6226008617312965,0.3687234404215536,0.016347344649231443,3.095097253587819,1.2534054054054053,0.09434234234234234,1.2096036036036037,0.45189189189189183,1.958198198198198,0.2061261261261261
22F,5,,inf,inf,0.14219759926131118,0.02585410895660203,2.827793167128347,0.7534626038781164,0.42105263157894735,1.10803324099723,6.670360110803325,0.6204986149584487,0.15512465373961218
23A,1,0.0,1.2372505543237249,0.20620842572062084,0.0,0.0,0.0,0.0,0.0,0.0,0.0,6.648444070647603,0.0
23A,2,0.24416770032250062,2.3521488464400893,0.3798164227238898,0.11063848920863309,0.0,0.8851079136690647,0.22234594932749455,0.0,0.11972474194557398,0.2187029582110485,2.8360377113471675,0.25562683427265404
23A,3,0.25782683570793835,2.089128792881699,0.5439963377525648,0.5834163622273886,0.013727443817115024,3.678954942986826,1.050353324937276,0.018756309373879933,0.6095800546510978,0.41391591265630356,2.434082258457922,0.2900620039079833
23A,4,0.09733809516924277,1.3367765069909343,0.6213415074969998,0.32022746565291943,0.032988256511984164,3.197849402606855,1.1940139674093782,0.07611839042234786,1.3372956434985035,0.31781842367808444,2.064941802460924,0.1580312603924177
23A,5,,inf,inf,0.1172813487881981,0.03761854583772392,2.870073761854584,0.7637513171759748,0.40969441517386723,1.0672286617492097,3.7530031612223396,1.9827186512118018,0.2124341412012645
23B,1,0.0,3.1704545454545454,0.0,0.0,0.0,0.0,0.0,0.0,0.0,0.0,5.010775862068965,0.0
23B,2,0.18580504092426797,2.1731111308099162,0.3635316018083503,0.0,0.0,1.098168380462725,0.35650683655601506,0.0,0.050929548079430724,0.24949962723388983,2.947478647152902,0.23681320551013274
23B,3,0.2845072558530382,2.0021865762368014,0.5051998001128716,0.459111397295557,0.05988409529942048,3.113972955569865,1.2955123587052844,0.0,0.6136637488603979,0.39752328302420176,2.5568398955077765,0.2818122804537769
23B,4,0.09117347680674712,1.3340119238039843,0.652610149774611,0.3534152475908013,0.03450855952906814,3.0998206059731896,1.2206688963210703,0.09270903010033445,1.4921739130434784,0.379146173519575,1.8230179028132991,0.12465079677355892
23B,5,,inf,,0.11936416184971098,0.03439306358381503,2.797976878612717,0.7352601156069364,0.4994219653179191,1.5398843930635837,4.758381502890174,1.6508670520231215,0.0
23C,1,0.0,0.0,1.409090909090909,0.0,0.0,0.0,0.0,0.0,0.0,0.0,5.344827586206897,1.3362068965517242
23C,2,0.24329254727474975,2.2048387096774196,0.2889098998887653,0.20670362903225806,0.0,0.4134072580645161,0.38345021037868166,0.0,0.958625525946704,0.3263479678583906,2.769977873529754,0.27063002212647025
23C,3,0.16854463793239302,1.8093762601565722,0.5353770851970131,0.5582232893157263,0.0744297719087635,3.200480192076831,0.7881449609546788,0.050848061997076054,0.4576325579736845,0.6819703491152559,2.574786011965762,0.24008139841302373
23C,4,0.10326547141331958,1.3011449398078268,0.5163273570665979,0.3200951270224192,0.03072913219415224,3.078034741447583,1.47731583403895,0.09500423370025401,1.1067993226079593,0.3576629974597798,2.4477561388653686,0.24589331075359863
23C,5,,,,0.10815822002472189,0.025957972805933253,2.8726823238566133,1.0086526576019779,0.415327564894932,1.0976514215080346,1.03831891223733,4.983930778739184,0.0
23D,1,0.0,2.1136363636363633,0.0,0.0,0.0,0.0,0.0,0.0,0.0,0.0,4.676724137931035,1.3362068965517242
23D,2,0.2140831182390302,2.2835532612163223,0.45195324961573047,0.21556980656013455,0.0,0.9700641295206055,0.29992320912714376,0.0,0.09997440304238124,0.27393708270457534,2.755973074482394,0.2822382064228958
23D,3,0.2686427444978753,2.262691982007877,0.5539025659750005,0.4989939637826962,0.04158283031522468,3.721663313212609,0.8948542741598102,0.014204036097774765,0.5681614439109907,0.4684829846286391,2.3171440567524386,0.2449330127104088
23D,4,0.1802546801278474,1.3851149104560905,0.6878139110141545,0.33759714669426033,0.029407416959430343,3.148946208015801,1.228483080513419,0.08728121353558926,1.4183197199533255,0.36966161026837807,1.6532088681446906,0.1591598599766628
23D,5,,inf,inf,0.10970464135021098,0.0189873417721519,2.839662447257384,0.7811934900542497,0.3471971066907776,1.518987341772152,4.455696202531646,0.9113924050632912,0.0
23E,1,0.0,0.0,0.0,0.0,0.0,0.0,0.0,0.0,0.0,0.0,4.008620689655173,4.008620689655173
23E,2,0.14730603448275864,2.0622844827586206,0.6102678571428573,0.0,0.0,0.8581891741071428,0.3980007763975155,0.0,0.1326669254658385,0.40757961578133056,2.709853661681279,0.26437596699329546
23E,3,0.22438151184864594,1.7443853017910862,0.3908581174137703,0.5433829973707275,0.0,4.129710780017528,0.8538107097300439,0.0,0.5568330715630722,0.6096492165622796,2.5757679399756315,0.3251462488332158
23E,4,0.14324845052113558,1.4585296780333805,0.5339260428515054,0.36168390937754985,0.025834564955539274,3.0807718709480585,1.323876134543513,0.10183662573411638,1.2759530165509876,0.47923117992525355,1.987399893219434,0.12685531233315536
23E,5,,inf,,0.12622950819672132,0.01721311475409836,2.886065573770492,0.6295081967213115,0.5901639344262295,1.259016393442623,4.406557377049181,0.2754098360655738,0.0
23F,1,0.0,1.8116883116883116,0.0,0.0,0.0,0.0,0.0,0.0,0.0,0.5726600985221675,5.153940886699508,0.5726600985221675
23F,2,0.19051126861511508,2.248032969658358,0.37557935812694115,0.07399321593533487,0.0,0.5919457274826789,0.13726277738728787,0.0,0.10294708304046592,0.3162742515069909,2.8464682635629184,0.25358926472182153
23F,3,0.2937426384758806,2.084442953799999,0.6063149332643176,0.4240766073871409,0.04240766073871409,3.6329229366165072,1.1878343785130907,0.009657190069212118,0.6180601644295756,0.4229273482885308,2.3591416146719606,0.2881192560215616
23F,4,0.09373545453460479,1.2520378569979351,0.619323538889353,0.298856204677138,0.03154593271592013,3.2724754412146617,1.1688141641504255,0.10163601427395004,1.3767060115289598,0.4348064781773264,1.7211089761185834,0.16305242931649738
23F,5,,inf,inf,0.11514129059468578,0.025094896668072544,2.8386756642766766,0.728806410797132,0.39477013918177983,1.5385913116828345,4.393083087304935,1.417123576549979,0.07085617882749895
24A,1,0.0,2.1136363636363633,0.6038961038961038,0.0,0.0,1.1586378737541527,0.0,0.0,0.0,0.28633004926108374,4.8676108374384235,0.0
24A,2,0.195659349486629,2.1682250361477458,0.363367363332311,0.054280495552731886,0.0,0.7056464421855146,0.17621494208423108,0.0,0.15104137892934094,0.31980421928540953,2.890779315501447,0.2403757203779222
24A,3,0.22974986909413136,1.8680852451344254,0.6304445812642533,0.5851962245404869,0.04106640172213943,3.675442954131479,1.122210581713909,0.04208289681427159,0.7364506942497527,0.559613191760333,2.333481422245917,0.326361038076352
24A,4,0.06316351472580474,1.0778548158048618,0.7885251677060142,0.2935584896203561,0.046989568906528605,3.358996280544109,1.015995322028235,0.08622838526438893,1.3655951883718989,0.4542978865591847,1.7267730348341825,0.17642636371230472
24A,5,,inf,inf,0.10382101558572147,0.026395173453996987,2.9413021618903974,0.440422322775264,0.3378582202111614,1.2428355957767725,4.138763197586727,1.4358974358974361,0.2533936651583711
24B,1,0.0,0.0,0.0,0.0,0.0,0.0,0.0,0.0,0.0,0.0,8.017241379310345,0.0
24B,2,0.23767024050999713,1.9805853375833093,0.29048584951221873,0.0,0.0,0.0,0.16648398489830715,0.0,0.16648398489830715,0.470001719099192,2.902951794436186,0.22117727957609035
24B,3,0.20646718146718146,1.8385410921125205,0.49158852730281294,0.5166666666666667,0.14761904761904765,4.576190476190477,1.0084865629420083,0.10084865629420085,0.605091937765205,0.5313685636856368,2.3808072009291523,0.3795489740611692
24B,4,0.04402762517658138,1.1006906294145347,0.5870350023544184,0.25475103875757776,0.014557202214718732,3.3408779082779487,1.005884476534296,0.09451263537906136,1.5527075812274367,0.36534296028880864,1.556678700361011,0.6036101083032491
24B,5,,inf,,0.08596491228070176,0.04298245614035088,2.9596491228070176,0.5473684210526316,0.42105263157894735,1.136842105263158,3.242105263157895,1.4736842105263157,0.0
24C,1,0.0,1.690909090909091,0.0,0.0,0.0,0.0,0.0,0.0,0.0,0.0,6.413793103448277,0.0
24C,2,0.08221732157177225,2.4391138732959106,0.328869286287089,0.0,0.0,0.0,0.17277553083923156,0.0,0.17277553083923156,0.32995760221643855,2.811812610192259,0.2725736713961884
24C,3,0.28144621115867124,1.8997619253210305,0.4485548990341322,3.36741214057508,0.06602768903088392,2.6411075612353567,1.1728086546673835,0.13532407553854425,0.8119444532312655,0.47534567997437166,2.2717819510463477,0.3457059490722703
24C,4,0.055815341757039096,0.9209531389911452,0.47443040493483235,0.2491380214276462,0.027682002380849578,3.491392550284653,1.007745995423341,0.04493135011441648,1.5405034324942792,0.37757437070938216,1.6764302059496567,0.22654462242562928
24C,5,,inf,,0.08076923076923077,0.04307692307692308,2.8861538461538463,0.8492307692307692,0.48000000000000004,1.0338461538461539,5.686153846153847,1.0338461538461539,0.0
24E,1,0.0,1.690909090909091,0.0,0.0,0.0,0.0,0.0,0.0,0.0,1.6034482758620692,4.810344827586207,0.0
24E,2,0.25711598746081504,2.3140438871473354,0.23568965517241383,0.0,0.0,0.5825284090909091,0.1350790513833992,0.0,0.1350790513833992,0.3028306531014112,2.88249917952084,0.23553495241220873
24E,3,0.2817924786428723,2.0014491431814263,0.5635849572857446,0.32545931758530183,0.05424321959755031,3.254593175853018,1.0746602219277046,0.14822899612795926,0.8523167277357657,0.4868659710219149,2.4596874577669663,0.22821842391652264
24E,4,0.08615030233227756,0.9476533256550532,0.48459545061906134,0.27772442476928294,0.029374698773674157,3.3780903589725275,1.1938278145695365,0.06439735099337748,1.5554437086092716,0.454569536423841,1.3520529801324503,0.2447682119205298
24E,5,,inf,,0.08300395256916995,0.018445322793148883,2.812911725955204,0.4426877470355731,0.3478260869565218,1.675889328063241,6.861660079051384,3.5415019762845854,0.2213438735177866
